date,PM10,SO2,NO2,CO,O3,TEMP,PRES,DEWP,PM2.5
2013-03-01 00:00:00,4.0,4.0,7.0,300.0,77.0,-0.7,1023.0,-18.8,4
2013-03-01 01:00:00,8.0,4.0,7.0,300.0,77.0,-1.1,1023.2,-18.2,8
2013-03-01 02:00:00,7.0,5.0,10.0,300.0,73.0,-1.1,1023.5,-18.2,7
2013-03-01 03:00:00,6.0,11.0,11.0,300.0,72.0,-1.4,1024.5,-19.4,6
2013-03-01 04:00:00,3.0,12.0,12.0,300.0,72.0,-2.0,1025.2,-19.5,3
2013-03-01 05:00:00,5.0,18.0,18.0,400.0,66.0,-2.2,1025.6,-19.6,5
2013-03-01 06:00:00,3.0,18.0,32.0,500.0,50.0,-2.6,1026.5,-19.1,3
2013-03-01 07:00:00,6.0,19.0,41.0,500.0,43.0,-1.6,1027.4,-19.1,3
2013-03-01 08:00:00,6.0,16.0,43.0,500.0,45.0,0.1,1028.3,-19.2,3
2013-03-01 09:00:00,8.0,12.0,28.0,400.0,59.0,1.2,1028.5,-19.3,3
2013-03-01 10:00:00,6.0,9.0,12.0,400.0,72.0,1.9,1028.2,-19.4,3
2013-03-01 11:00:00,6.0,9.0,14.0,400.0,71.0,2.9,1028.2,-20.5,3
2013-03-01 12:00:00,6.0,7.0,13.0,300.0,74.0,3.9,1027.3,-19.7,3
2013-03-01 13:00:00,6.0,7.0,12.0,400.0,76.0,5.3,1026.2,-19.3,3
2013-03-01 14:00:00,9.0,7.0,11.0,400.0,77.0,6.0,1025.9,-19.6,6
2013-03-01 15:00:00,15.0,7.0,14.0,400.0,76.0,6.2,1025.7,-18.6,8
2013-03-01 16:00:00,19.0,9.0,13.0,400.0,76.0,5.9,1025.6,-18.1,9
2013-03-01 17:00:00,23.0,11.0,15.0,400.0,74.0,4.3,1026.3,-18.7,10
2013-03-01 18:00:00,20.0,8.0,20.0,500.0,70.0,3.1,1027.4,-18.4,11
2013-03-01 19:00:00,14.0,12.0,30.0,500.0,60.0,2.3,1028.3,-18.4,8
2013-03-01 20:00:00,17.0,13.0,33.0,600.0,55.0,1.7,1029.1,-17.3,11
2013-03-01 21:00:00,18.0,16.0,35.0,500.0,50.0,0.6,1030.1,-16.7,12
2013-03-01 22:00:00,19.0,21.0,57.0,700.0,32.0,0.9,1030.5,-17.4,15
2013-03-01 23:00:00,24.0,26.0,54.0,600.0,36.0,-0.2,1030.5,-17.4,24
2013-03-02 00:00:00,24.0,24.0,44.0,500.0,44.0,-0.4,1031.0,-17.6,22
2013-03-02 01:00:00,17.0,21.0,36.0,400.0,50.0,-1.0,1031.3,-17.3,14
2013-03-02 02:00:00,13.0,20.0,37.0,400.0,47.0,-1.5,1030.9,-16.9,13
2013-03-02 03:00:00,9.0,13.0,34.0,400.0,52.0,-1.4,1030.6,-17.6,3
2013-03-02 04:00:00,7.0,18.0,43.0,400.0,43.0,-1.5,1030.8,-17.7,3
2013-03-02 05:00:00,11.0,19.0,70.0,500.0,20.0,-1.8,1030.1,-17.5,9
2013-03-02 06:00:00,10.0,28.0,46.0,500.0,39.0,-2.5,1029.6,-17.7,4
2013-03-02 07:00:00,11.0,34.0,58.0,500.0,27.0,-1.7,1029.8,-17.0,3
2013-03-02 08:00:00,7.0,21.0,49.0,500.0,43.0,-0.4,1029.6,-17.6,3
2013-03-02 09:00:00,14.0,47.0,62.0,700.0,29.0,0.6,1029.7,-16.7,10
2013-03-02 10:00:00,19.0,36.0,60.0,600.0,34.0,1.7,1028.9,-16.3,11
2013-03-02 11:00:00,29.0,36.0,70.0,800.0,27.0,2.2,1028.2,-16.8,18
2013-03-02 12:00:00,30.0,25.0,76.0,900.0,22.0,2.7,1027.3,-16.4,26
2013-03-02 13:00:00,33.0,20.0,57.0,700.0,39.0,3.3,1025.7,-16.4,25
2013-03-02 14:00:00,35.0,22.0,54.0,700.0,43.0,3.8,1024.8,-16.0,26
2013-03-02 15:00:00,40.0,24.0,55.0,700.0,44.0,3.9,1024.1,-16.5,37
2013-03-02 16:00:00,46.0,29.0,63.0,1000.0,38.0,3.5,1023.6,-15.2,37
2013-03-02 17:00:00,58.0,45.0,77.0,1200.0,30.0,2.2,1023.4,-13.6,44
2013-03-02 18:00:00,79.0,50.0,80.0,1100.0,24.0,1.2,1023.2,-12.3,54
2013-03-02 19:00:00,86.0,50.0,97.0,1300.0,10.0,1.5,1022.9,-13.8,61
2013-03-02 20:00:00,96.0,54.0,108.0,1399.0,2.0,1.2,1022.9,-14.1,67
2013-03-02 21:00:00,103.0,72.0,107.0,1399.0,2.0,0.6,1022.6,-14.2,74
2013-03-02 22:00:00,113.0,84.0,110.0,1500.0,3.0,-0.6,1022.3,-13.9,81
2013-03-02 23:00:00,120.0,87.0,107.0,1700.0,2.0,-0.8,1021.1,-13.4,93
2013-03-03 00:00:00,130.0,73.0,100.0,1899.0,2.0,-1.4,1020.4,-13.0,112
2013-03-03 01:00:00,132.0,80.0,101.0,2200.0,2.0,-2.0,1019.4,-13.2,109
2013-03-03 02:00:00,132.0,98.0,99.0,2399.0,2.0,-2.8,1018.3,-12.3,110
2013-03-03 03:00:00,129.0,88.0,100.0,2500.0,2.0,-2.6,1017.2,-13.2,105
2013-03-03 04:00:00,136.0,79.0,92.0,2799.0,2.0,-4.3,1016.9,-11.8,106
2013-03-03 05:00:00,135.0,64.0,87.0,2399.0,2.0,-5.6,1016.3,-10.9,101
2013-03-03 06:00:00,142.0,67.0,87.0,2100.0,2.0,-5.8,1016.2,-11.0,91
2013-03-03 07:00:00,116.0,83.0,91.0,2000.0,2.0,-3.1,1016.5,-11.1,79
2013-03-03 08:00:00,110.0,123.0,90.0,2299.0,2.0,0.7,1016.2,-13.0,77
2013-03-03 09:00:00,119.0,135.0,90.0,2600.0,3.0,3.5,1015.8,-13.8,83
2013-03-03 10:00:00,122.0,116.0,90.0,1800.0,9.0,6.5,1014.9,-13.2,94
2013-03-03 11:00:00,117.0,89.0,93.0,1600.0,14.0,11.4,1013.8,-10.8,96
2013-03-03 12:00:00,108.0,77.0,99.0,1600.0,14.0,13.8,1012.5,-13.3,91
2013-03-03 13:00:00,134.0,50.0,81.0,1200.0,33.0,16.0,1011.5,-13.5,98
2013-03-03 14:00:00,106.0,31.0,57.0,900.0,51.0,16.7,1010.8,-14.0,72
2013-03-03 15:00:00,114.0,14.0,17.0,500.0,77.0,16.9,1010.5,-12.7,48
2013-03-03 16:00:00,100.0,12.0,17.0,400.0,77.0,16.4,1010.6,-15.4,28
2013-03-03 17:00:00,103.0,9.0,19.0,400.0,73.0,13.1,1011.1,-10.1,26
2013-03-03 18:00:00,82.0,8.0,27.0,500.0,66.0,8.7,1012.3,-11.3,24
2013-03-03 19:00:00,71.0,26.0,98.0,1300.0,11.0,12.2,1013.4,-13.7,19
2013-03-03 20:00:00,175.0,64.0,135.0,2000.0,4.0,11.7,1013.5,-12.6,60
2013-03-03 21:00:00,181.0,28.0,100.0,1100.0,5.0,5.3,1013.6,-10.9,117
2013-03-03 22:00:00,105.0,28.0,90.0,1200.0,2.0,3.1,1014.1,-10.2,54
2013-03-03 23:00:00,94.0,29.0,84.0,1200.0,2.0,5.2,1014.8,-10.6,46
2013-03-04 00:00:00,83.0,51.0,86.0,1300.0,4.0,7.7,1015.7,-11.1,42
2013-03-04 01:00:00,80.0,39.0,64.0,1000.0,25.0,8.2,1016.7,-11.7,49
2013-03-04 02:00:00,62.0,22.5,14.0,300.0,68.0,8.1,1016.7,-11.8,34
2013-03-04 03:00:00,34.0,6.0,12.0,350.0,77.0,7.2,1016.9,-11.6,12
2013-03-04 04:00:00,18.0,14.0,28.5,400.0,42.0,6.0,1018.0,-11.6,7
2013-03-04 05:00:00,24.0,18.0,45.0,400.0,40.0,2.7,1018.6,-10.9,10
2013-03-04 06:00:00,32.0,24.0,65.0,500.0,22.0,3.8,1018.9,-11.4,13
2013-03-04 07:00:00,36.0,30.0,70.0,600.0,17.0,6.5,1019.7,-10.7,14
2013-03-04 08:00:00,35.0,38.0,70.0,700.0,21.0,9.0,1020.7,-12.2,13
2013-03-04 09:00:00,32.0,26.0,36.0,500.0,52.0,10.6,1020.8,-12.1,15
2013-03-04 10:00:00,24.0,22.0,36.0,600.0,57.0,11.9,1020.4,-12.4,16
2013-03-04 11:00:00,33.0,18.0,27.0,400.0,68.0,13.1,1020.0,-13.0,18
2013-03-04 12:00:00,28.0,12.0,14.0,400.0,77.0,14.2,1018.9,-13.9,13
2013-03-04 13:00:00,12.0,7.0,12.0,300.0,82.0,15.3,1017.8,-13.0,3
2013-03-04 14:00:00,10.0,8.0,13.0,400.0,84.0,15.2,1017.0,-13.1,3
2013-03-04 15:00:00,13.0,9.0,15.0,400.0,84.0,15.3,1016.3,-13.0,10
2013-03-04 16:00:00,20.0,10.0,34.0,500.0,70.0,14.5,1015.7,-13.7,14
2013-03-04 17:00:00,33.0,14.0,40.0,500.0,78.0,12.7,1015.9,-11.8,20
2013-03-04 18:00:00,44.0,13.0,43.0,600.0,75.0,11.6,1016.5,-11.3,25
2013-03-04 19:00:00,63.0,17.0,61.0,700.0,53.0,10.9,1016.6,-10.6,31
2013-03-04 20:00:00,84.0,18.0,76.0,800.0,40.0,9.9,1016.9,-10.3,34
2013-03-04 21:00:00,85.0,40.0,76.0,800.0,39.0,8.4,1016.9,-10.0,40
2013-03-04 22:00:00,91.0,46.0,85.0,1000.0,31.0,8.6,1016.3,-9.9,51
2013-03-04 23:00:00,94.0,46.0,86.0,1100.0,84.0,7.7,1015.7,-9.3,58
2013-03-05 00:00:00,108.0,66.0,78.0,1100.0,84.0,4.7,1015.2,-9.1,71
2013-03-05 01:00:00,127.0,75.0,75.0,1200.0,84.0,1.1,1014.7,-7.9,91
2013-03-05 02:00:00,129.0,58.0,79.0,1200.0,84.0,-0.6,1014.4,-8.1,100
2013-03-05 03:00:00,130.0,66.0,83.0,1399.0,84.0,0.2,1014.0,-8.8,103
2013-03-05 04:00:00,151.0,76.0,92.0,2299.0,84.0,1.8,1013.7,-9.5,115
2013-03-05 05:00:00,153.0,91.0,91.0,2399.0,84.0,0.6,1013.9,-9.4,117
2013-03-05 06:00:00,145.0,94.0,89.0,2200.0,84.0,-0.2,1013.4,-8.6,104
2013-03-05 07:00:00,146.0,82.0,87.0,2299.0,84.0,2.9,1013.4,-9.1,106
2013-03-05 08:00:00,147.0,101.0,87.0,2399.0,84.0,5.1,1013.4,-9.1,111
2013-03-05 09:00:00,159.0,114.0,92.0,2899.0,84.0,7.7,1012.8,-8.4,114
2013-03-05 10:00:00,177.0,107.0,104.0,2700.0,84.0,9.4,1012.0,-8.2,131
2013-03-05 11:00:00,184.0,109.0,115.0,2299.0,84.0,10.6,1011.1,-8.1,138
2013-03-05 12:00:00,184.0,104.0,136.0,2299.0,15.0,11.9,1009.7,-7.5,142
2013-03-05 13:00:00,193.0,94.0,147.0,2200.0,84.0,12.6,1008.5,-8.0,163
2013-03-05 14:00:00,182.0,85.0,158.0,2100.0,84.0,13.5,1007.7,-7.8,168
2013-03-05 15:00:00,171.0,85.0,172.0,2200.0,78.0,13.8,1007.2,-7.6,165
2013-03-05 16:00:00,186.0,97.0,194.0,2700.0,78.0,13.2,1007.1,-7.0,166
2013-03-05 17:00:00,218.0,101.0,204.0,2799.0,75.0,12.1,1007.7,-6.4,190
2013-03-05 18:00:00,248.0,107.0,197.0,2500.0,53.0,9.0,1008.2,-5.7,203
2013-03-05 19:00:00,255.0,103.0,188.0,2200.0,40.0,5.3,1008.5,-4.8,210
2013-03-05 20:00:00,244.0,106.0,189.0,2500.0,39.0,3.3,1008.7,-4.7,205
2013-03-05 21:00:00,252.0,93.0,178.0,3100.0,31.0,2.9,1009.0,-4.6,215
2013-03-05 22:00:00,253.0,92.0,169.0,3200.0,29.0,5.2,1008.9,-6.1,219
2013-03-05 23:00:00,269.0,147.0,184.0,4400.0,29.0,4.9,1008.4,-6.1,226
2013-03-06 00:00:00,315.0,133.0,174.0,4000.0,28.0,4.9,1008.5,-6.4,284
2013-03-06 01:00:00,300.0,131.0,166.0,4000.0,22.0,4.8,1008.3,-5.9,272
2013-03-06 02:00:00,265.0,109.0,146.0,3200.0,22.0,4.1,1007.8,-5.9,242
2013-03-06 03:00:00,229.0,90.0,141.0,2600.0,22.0,4.0,1007.6,-6.3,212
2013-03-06 04:00:00,203.0,83.6808,140.4252,2550.0,22.0,3.9,1007.3,-6.1,192
2013-03-06 05:00:00,194.0,92.0,143.0,2500.0,22.0,4.1,1007.8,-5.7,188
2013-03-06 06:00:00,194.0,94.0,131.0,2600.0,22.0,4.5,1008.4,-5.3,186
2013-03-06 07:00:00,196.0,92.0,129.0,2700.0,22.0,5.7,1009.3,-5.0,188
2013-03-06 08:00:00,205.0,102.0,113.0,2500.0,22.0,6.6,1009.3,-4.8,194
2013-03-06 09:00:00,198.0,98.0,102.0,2399.0,22.0,7.5,1009.1,-4.6,184
2013-03-06 10:00:00,198.0,107.0,103.0,2600.0,22.0,8.7,1008.6,-4.5,175
2013-03-06 11:00:00,212.0,119.0,105.0,2399.0,22.0,10.1,1007.7,-4.7,179
2013-03-06 12:00:00,219.0,124.0,113.0,2299.0,22.0,11.1,1006.9,-4.2,192
2013-03-06 13:00:00,233.0,126.0,136.0,2700.0,22.0,12.6,1005.8,-3.7,201
2013-03-06 14:00:00,265.0,130.0,146.0,2799.0,14.0,14.5,1005.5,-3.3,230
2013-03-06 15:00:00,277.0,140.0,157.0,2899.0,10.0,14.7,1005.5,-3.2,246
2013-03-06 16:00:00,285.0,154.0,146.0,2799.0,17.0,14.2,1005.5,-3.2,248
2013-03-06 17:00:00,276.0,145.0,171.0,3200.0,17.0,11.6,1005.9,-3.4,230
2013-03-06 18:00:00,291.0,142.0,177.0,3500.0,17.0,6.8,1006.8,-2.9,239
2013-03-06 19:00:00,338.0,124.0,164.0,3700.0,17.0,5.1,1007.6,-2.5,242
2013-03-06 20:00:00,396.0,107.0,154.0,4200.0,17.0,4.4,1008.2,-2.5,254
2013-03-06 21:00:00,380.0,117.0,159.0,3799.0,17.0,3.8,1007.7,-2.2,266
2013-03-06 22:00:00,335.0,111.0,148.0,4099.0,17.0,2.4,1007.3,-2.5,254
2013-03-06 23:00:00,360.0,119.0,145.0,4000.0,17.0,2.3,1007.2,-2.4,260
2013-03-07 00:00:00,319.0,102.0,139.0,4000.0,17.0,1.5,1007.1,-2.6,250
2013-03-07 01:00:00,297.0,91.0,127.0,4000.0,17.0,0.7,1007.1,-2.7,240
2013-03-07 02:00:00,294.0,83.0,133.0,4000.0,17.0,1.5,1006.9,-2.5,238
2013-03-07 03:00:00,293.0,86.0,121.0,4099.0,17.0,0.3,1006.5,-2.7,243
2013-03-07 04:00:00,304.0,57.0,113.0,5000.0,17.0,-0.9,1006.4,-3.3,246
2013-03-07 05:00:00,337.0,46.0,103.0,5599.0,17.0,1.6,1006.7,-1.5,275
2013-03-07 06:00:00,366.0,41.0,114.0,5700.0,17.0,0.3,1006.6,-2.7,306
2013-03-07 07:00:00,374.0,46.0,124.0,4599.0,17.0,2.4,1006.8,-1.4,320
2013-03-07 08:00:00,344.0,78.0,106.0,3700.0,17.0,8.3,1006.5,-1.0,292
2013-03-07 09:00:00,282.0,182.0,116.0,3299.0,17.0,10.1,1006.1,-0.7,251
2013-03-07 10:00:00,255.0,166.0,135.0,3200.0,17.0,12.7,1005.5,-1.6,228
2013-03-07 11:00:00,255.0,169.0,171.0,4000.0,17.0,16.5,1003.6,-1.6,217
2013-03-07 12:00:00,311.0,154.0,201.0,4000.0,17.0,17.1,1001.6,-3.1,255
2013-03-07 13:00:00,283.0,111.0,226.0,3700.0,17.0,17.7,1000.2,-3.2,258
2013-03-07 14:00:00,284.0,102.0,167.0,2899.0,39.0,18.3,998.6,-3.2,277
2013-03-07 15:00:00,326.0,79.0,130.0,2399.0,61.0,18.6,997.6,-1.8,282
2013-03-07 16:00:00,310.0,62.0,97.0,1899.0,80.0,17.9,997.2,-0.9,267
2013-03-07 17:00:00,257.0,64.0,86.0,1600.0,84.0,15.4,997.1,-1.7,216
2013-03-07 18:00:00,255.0,76.0,125.0,1899.0,84.0,14.4,997.4,-2.5,201
2013-03-07 19:00:00,287.0,79.0,173.0,2399.0,10.0,13.4,997.9,-2.6,211
2013-03-07 20:00:00,298.0,99.0,207.0,3399.0,84.0,11.8,997.7,-2.1,227
2013-03-07 21:00:00,377.0,114.0,213.0,4000.0,84.0,9.2,997.9,-1.3,282
2013-03-07 22:00:00,452.0,126.0,210.0,4000.0,84.0,7.5,998.3,-1.2,363
2013-03-07 23:00:00,426.0,128.0,209.0,3799.0,84.0,6.6,998.4,-0.9,376
2013-03-08 00:00:00,389.0,107.0,195.0,3799.0,84.0,4.1,998.2,-1.3,344
2013-03-08 01:00:00,370.0,90.0,177.0,4099.0,84.0,3.3,998.5,-1.7,339
2013-03-08 02:00:00,400.0,80.5,162.0,3899.0,84.0,2.5,998.2,-1.9,339
2013-03-08 03:00:00,373.0,71.0,154.0,3599.0,84.0,1.8,997.9,-1.8,324
2013-03-08 04:00:00,345.0,62.0,149.0,3299.0,84.0,1.3,998.5,-1.8,322
2013-03-08 05:00:00,346.0,47.0,144.0,3200.0,84.0,1.4,999.0,-1.5,315
2013-03-08 06:00:00,327.0,45.0,146.0,3299.0,84.0,1.1,999.7,-1.8,310
2013-03-08 07:00:00,318.0,44.0,145.0,4099.0,84.0,5.7,1000.4,0.5,309
2013-03-08 08:00:00,337.0,88.0,137.0,4900.0,84.0,10.9,1000.8,1.4,310
2013-03-08 09:00:00,371.0,144.0,149.0,5200.0,84.0,16.9,1001.1,-0.4,326
2013-03-08 10:00:00,844.0,125.9496,179.2269,4150.0,84.0,19.1,1000.9,-0.4,326
2013-03-08 11:00:00,362.0,83.0,160.0,3100.0,84.0,20.5,1000.5,-3.3,219
2013-03-08 12:00:00,194.0,37.0,101.0,1399.0,84.0,21.7,999.4,-2.3,104
2013-03-08 13:00:00,225.0,40.0,96.0,1300.0,84.0,22.5,998.2,-2.3,121
2013-03-08 14:00:00,348.0,49.0,104.0,1800.0,84.0,17.4,998.3,1.4,184
2013-03-08 15:00:00,508.0,102.0,139.0,3600.0,84.0,13.9,999.5,1.2,330
2013-03-08 16:00:00,284.0,84.0,84.0,1700.0,84.0,11.9,1000.2,0.0,172
2013-03-08 17:00:00,181.0,68.0,68.0,1100.0,68.0,10.3,999.9,-0.5,114
2013-03-08 18:00:00,128.0,55.0,63.0,900.0,68.0,9.3,1000.6,-0.9,82
2013-03-08 19:00:00,123.0,46.0,73.0,1100.0,68.0,8.0,1000.5,-0.3,84
2013-03-08 20:00:00,104.0,48.0,65.0,1000.0,68.0,7.9,1000.4,-1.6,91
2013-03-08 21:00:00,87.0,43.0,61.0,1100.0,68.0,7.2,1000.0,-1.5,81
2013-03-08 22:00:00,102.0,45.0,68.0,1399.0,68.0,6.3,999.0,-3.4,90
2013-03-08 23:00:00,85.0,53.0,63.0,1500.0,68.0,5.7,997.7,-3.4,79
2013-03-09 00:00:00,67.0,53.0,70.0,1600.0,68.0,3.6,996.1,-2.6,49
2013-03-09 01:00:00,91.0,54.0,84.0,1899.0,68.0,2.1,994.9,-2.6,89
2013-03-09 02:00:00,97.0,44.0,97.0,2299.0,68.0,1.4,994.1,-3.1,89
2013-03-09 03:00:00,125.0,42.0,94.0,2299.0,68.0,1.1,993.0,-3.2,98
2013-03-09 04:00:00,118.0,52.0,97.0,2399.0,68.0,1.8,992.0,-2.3,97
2013-03-09 05:00:00,123.0,52.0,93.0,2500.0,68.0,3.2,992.0,-2.8,102
2013-03-09 06:00:00,153.0,44.0,83.0,2600.0,68.0,2.8,992.2,-2.5,110
2013-03-09 07:00:00,143.0,51.0,85.0,2100.0,68.0,4.6,992.9,-2.1,108
2013-03-09 08:00:00,139.0,70.0,82.0,2100.0,68.0,8.4,994.1,-1.7,104
2013-03-09 09:00:00,166.0,108.0,86.0,1899.0,68.0,16.3,995.9,-0.4,113
2013-03-09 10:00:00,272.0,122.0,86.0,2200.0,68.0,16.7,998.3,-4.6,145
2013-03-09 11:00:00,587.0,50.0,21.0,400.0,68.0,14.3,1001.3,-9.1,69
2013-03-09 12:00:00,607.5,10.0,10.0,300.0,68.0,12.4,1004.3,-14.4,78
2013-03-09 13:00:00,628.0,4.0,7.0,300.0,76.0,10.3,1006.5,-17.0,49
2013-03-09 14:00:00,662.0,3.0,6.0,300.0,81.0,10.5,1008.1,-16.8,47
2013-03-09 15:00:00,443.0,3.0,8.0,300.0,81.0,10.2,1009.4,-17.1,28
2013-03-09 16:00:00,263.0,3.0,9.0,300.0,81.0,10.5,1010.8,-17.8,21
2013-03-09 17:00:00,251.0,4.0,9.0,300.0,81.0,8.6,1013.0,-18.3,14
2013-03-09 18:00:00,205.0,4.0,10.0,300.0,81.0,7.4,1015.9,-19.3,17
2013-03-09 19:00:00,107.0,5.0,10.0,400.0,81.0,6.4,1018.1,-18.4,15
2013-03-09 20:00:00,104.0,4.0,7.0,400.0,82.0,5.6,1019.7,-18.3,18
2013-03-09 21:00:00,58.0,4.0,8.0,400.0,82.0,4.8,1020.3,-17.6,12
2013-03-09 22:00:00,34.0,6.0,8.0,300.0,82.0,3.8,1021.2,-17.8,11
2013-03-09 23:00:00,19.0,8.0,10.0,400.0,82.0,0.8,1021.3,-14.1,6
2013-03-10 00:00:00,15.0,6.0,16.0,400.0,82.0,-0.5,1020.8,-13.4,11
2013-03-10 01:00:00,16.0,10.0,25.0,400.0,82.0,-0.2,1021.1,-11.6,11
2013-03-10 02:00:00,18.0,14.0,41.0,400.0,82.0,-2.1,1020.9,-11.7,6
2013-03-10 03:00:00,25.0,17.0,55.0,500.0,82.0,-2.0,1021.1,-11.8,10
2013-03-10 04:00:00,63.0,17.0,76.0,500.0,82.0,-1.3,1021.9,-14.8,18
2013-03-10 05:00:00,35.0,18.0,80.0,700.0,82.0,-1.8,1022.0,-10.9,21
2013-03-10 06:00:00,21.0,21.0,73.0,800.0,82.0,-2.0,1022.5,-11.8,18
2013-03-10 07:00:00,46.0,21.0,82.0,1500.0,82.0,3.5,1023.2,-14.7,24
2013-03-10 08:00:00,74.0,33.0,84.0,1300.0,82.0,5.3,1023.5,-15.9,31
2013-03-10 09:00:00,75.0,34.0,69.0,900.0,82.0,6.8,1023.1,-15.9,26
2013-03-10 10:00:00,63.0,28.0,55.0,700.0,82.0,8.3,1022.4,-14.7,27
2013-03-10 11:00:00,59.0,20.0,40.0,800.0,82.0,9.8,1021.9,-14.2,30
2013-03-10 12:00:00,56.0,21.0,34.0,700.0,82.0,10.4,1021.0,-14.4,28
2013-03-10 13:00:00,52.0,20.0,30.0,600.0,82.0,11.2,1020.0,-13.8,34
2013-03-10 14:00:00,54.0,17.0,28.0,500.0,82.0,11.4,1019.0,-13.6,28
2013-03-10 15:00:00,71.0,17.0,27.0,500.0,82.0,11.3,1018.7,-14.5,37
2013-03-10 16:00:00,94.0,18.0,26.0,500.0,84.0,10.4,1018.3,-13.7,36
2013-03-10 17:00:00,117.0,25.0,33.0,500.0,84.0,9.1,1018.2,-13.4,38
2013-03-10 18:00:00,106.0,27.0,34.0,600.0,84.0,8.2,1018.5,-12.3,44
2013-03-10 19:00:00,102.0,28.0,39.0,700.0,84.0,7.7,1018.8,-11.1,60
2013-03-10 20:00:00,115.0,33.0,61.0,800.0,84.0,7.4,1018.8,-10.9,70
2013-03-10 21:00:00,114.0,28.0,62.0,800.0,84.0,6.5,1018.9,-10.3,64
2013-03-10 22:00:00,123.0,31.0,60.0,900.0,84.0,5.9,1018.5,-10.0,70
2013-03-10 23:00:00,140.0,46.0,62.0,1000.0,84.0,3.0,1018.7,-9.0,81
2013-03-11 00:00:00,147.0,55.0,69.0,1100.0,84.0,0.3,1018.5,-8.7,90
2013-03-11 01:00:00,156.0,57.0,78.0,1100.0,84.0,-0.7,1018.0,-7.3,95
2013-03-11 02:00:00,140.0,53.0,76.0,1100.0,84.0,-1.7,1017.4,-7.0,95
2013-03-11 03:00:00,138.0,56.0,78.0,1100.0,84.0,-2.1,1017.2,-6.5,96
2013-03-11 04:00:00,140.0,55.0,80.0,1100.0,84.0,-1.6,1016.9,-7.9,97
2013-03-11 05:00:00,146.0,49.0,76.0,1200.0,84.0,-2.3,1016.9,-8.0,106
2013-03-11 06:00:00,147.0,40.0,76.0,1600.0,84.0,-2.1,1017.0,-8.0,114
2013-03-11 07:00:00,155.0,62.0,77.0,2100.0,84.0,1.3,1017.4,-8.3,112
2013-03-11 08:00:00,184.0,71.0,77.0,2600.0,84.0,3.1,1017.5,-8.6,113
2013-03-11 09:00:00,196.0,96.0,89.0,2500.0,84.0,4.6,1016.8,-8.2,120
2013-03-11 10:00:00,205.0,102.0,97.0,2500.0,84.0,6.7,1016.0,-8.1,141
2013-03-11 11:00:00,198.0,96.0,105.0,2299.0,84.0,7.6,1015.0,-8.1,140
2013-03-11 12:00:00,207.0,99.0,118.0,2200.0,84.0,9.7,1013.4,-7.5,149
2013-03-11 13:00:00,189.0,114.0,124.0,2100.0,84.0,11.3,1012.3,-7.1,150
2013-03-11 14:00:00,151.0,99.0,80.0,1100.0,84.0,11.4,1010.9,-7.5,114
2013-03-11 15:00:00,133.0,96.0,69.0,1000.0,84.0,10.7,1010.3,-6.2,106
2013-03-11 16:00:00,162.0,109.0,76.0,1100.0,76.0,10.4,1009.5,-6.5,113
2013-03-11 17:00:00,198.0,148.0,90.0,1700.0,76.0,9.7,1009.7,-5.8,132
2013-03-11 18:00:00,253.0,161.0,100.0,2100.0,71.0,9.7,1009.8,-5.1,149
2013-03-11 19:00:00,233.0,90.0,98.0,1500.0,51.0,9.6,1010.0,-4.4,144
2013-03-11 20:00:00,214.0,103.0,116.0,1899.0,47.0,9.8,1010.4,-2.8,156
2013-03-11 21:00:00,246.0,124.0,121.0,2200.0,47.0,9.6,1009.8,-2.7,174
2013-03-11 22:00:00,196.0,88.0,109.0,1600.0,47.0,9.3,1009.2,-4.0,152
2013-03-11 23:00:00,145.0,62.0,97.0,1300.0,47.0,8.6,1008.0,-4.6,113
2013-03-12 00:00:00,124.0,50.0,80.0,1100.0,47.0,6.3,1007.5,-2.8,89
2013-03-12 01:00:00,161.0,56.0,91.0,1600.0,47.0,4.8,1006.8,-2.8,106
2013-03-12 02:00:00,159.0,56.0,86.0,1899.0,47.0,5.3,1005.8,-1.0,125
2013-03-12 03:00:00,127.0,73.0,81.0,1649.0,47.0,6.4,1005.8,-1.0,117
2013-03-12 04:00:00,140.0,68.0,81.0,1399.0,47.0,4.3,1006.3,1.5,112
2013-03-12 05:00:00,237.0,34.0,74.0,2100.0,47.0,4.7,1006.1,1.5,140
2013-03-12 06:00:00,165.0,22.0,66.0,2100.0,47.0,4.1,1006.2,2.6,146
2013-03-12 07:00:00,121.0,21.0,77.0,2100.0,47.0,3.5,1006.9,2.2,115
2013-03-12 08:00:00,122.0,17.0,78.0,1600.0,47.0,3.1,1006.9,1.9,120
2013-03-12 09:00:00,90.0,16.0,76.0,1600.0,47.0,3.4,1006.6,2.2,116
2013-03-12 10:00:00,94.0,16.0,71.0,1700.0,47.0,3.7,1006.8,2.2,123
2013-03-12 11:00:00,104.0,16.0,69.0,1800.0,47.0,4.4,1006.5,2.6,130
2013-03-12 12:00:00,87.0,14.0,75.0,1600.0,47.0,4.8,1006.8,2.2,132
2013-03-12 13:00:00,84.0,15.0,68.0,1500.0,47.0,5.3,1006.6,2.8,129
2013-03-12 14:00:00,102.0,15.0,67.0,1600.0,47.0,5.6,1007.1,2.9,139
2013-03-12 15:00:00,93.0,15.0,63.0,1600.0,39.0,6.4,1007.6,3.2,135
2013-03-12 16:00:00,102.0,17.0,63.0,1500.0,28.0,6.6,1008.1,3.2,133
2013-03-12 17:00:00,107.0,19.0,70.0,1600.0,21.0,6.4,1009.4,3.4,141
2013-03-12 18:00:00,131.0,21.0,79.0,1800.0,20.0,5.8,1011.1,3.1,124
2013-03-12 19:00:00,140.0,20.0,75.0,2000.0,12.0,3.3,1012.5,2.1,137
2013-03-12 20:00:00,140.0,17.0,74.0,1800.0,12.0,2.9,1014.1,2.2,160
2013-03-12 21:00:00,101.0,16.0,68.0,1700.0,12.0,3.6,1015.5,2.6,140
2013-03-12 22:00:00,31.0,16.0,63.0,1100.0,12.0,1.9,1016.7,1.3,88
2013-03-12 23:00:00,50.0,30.0,54.0,800.0,17.0,3.8,1017.7,-5.7,50
2013-03-13 00:00:00,22.0,28.0,21.0,400.0,56.0,3.4,1018.5,-7.1,22
2013-03-13 01:00:00,10.0,16.0,14.0,300.0,68.0,2.7,1018.9,-9.0,10
2013-03-13 02:00:00,10.0,12.0,16.0,300.0,68.0,2.8,1019.3,-8.9,10
2013-03-13 03:00:00,7.0,11.0,15.0,300.0,69.0,2.4,1019.7,-8.6,7
2013-03-13 04:00:00,11.0,11.0,16.0,400.0,69.0,0.3,1020.5,-7.5,11
2013-03-13 05:00:00,6.0,13.0,20.0,400.0,69.0,-0.9,1021.0,-8.1,3
2013-03-13 06:00:00,6.0,17.0,24.0,500.0,69.0,0.8,1022.2,-8.5,3
2013-03-13 07:00:00,8.0,21.0,40.0,600.0,69.0,3.7,1023.3,-10.0,3
2013-03-13 08:00:00,18.0,35.0,62.0,700.0,69.0,4.8,1024.6,-13.6,8
2013-03-13 09:00:00,24.0,27.0,43.0,600.0,69.0,5.5,1025.2,-10.7,20
2013-03-13 10:00:00,25.0,22.0,32.0,500.0,69.0,6.4,1025.2,-11.3,16
2013-03-13 11:00:00,6.0,14.0,26.0,400.0,69.0,6.6,1024.4,-12.6,14
2013-03-13 12:00:00,6.0,10.0,19.0,400.0,71.0,7.6,1023.7,-11.7,12
2013-03-13 13:00:00,6.0,11.0,24.0,400.0,71.0,8.5,1022.9,-13.2,17
2013-03-13 14:00:00,6.0,10.0,19.0,400.0,77.0,9.5,1022.2,-14.4,15
2013-03-13 15:00:00,9.0,11.0,24.0,400.0,77.0,9.7,1021.7,-13.5,3
2013-03-13 16:00:00,6.0,11.0,26.0,400.0,77.0,9.1,1021.9,-12.1,3
2013-03-13 17:00:00,11.0,12.0,37.0,500.0,77.0,7.1,1022.3,-10.7,3
2013-03-13 18:00:00,38.0,12.0,52.0,600.0,77.0,6.1,1022.8,-9.0,23
2013-03-13 19:00:00,59.0,15.0,64.0,700.0,77.0,5.5,1023.5,-8.8,31
2013-03-13 20:00:00,47.0,16.0,64.0,700.0,77.0,5.0,1023.7,-9.6,37
2013-03-13 21:00:00,39.0,16.0,67.0,700.0,77.0,4.8,1024.0,-8.7,35
2013-03-13 22:00:00,39.0,18.0,67.0,700.0,77.0,4.0,1023.8,-8.1,37
2013-03-13 23:00:00,45.0,21.0,74.0,800.0,77.0,2.9,1024.1,-5.5,42
2013-03-14 00:00:00,113.0,19.0,71.0,1100.0,77.0,2.5,1024.2,-3.8,62
2013-03-14 01:00:00,88.0,11.0,67.0,1399.0,77.0,1.6,1024.5,-4.1,71
2013-03-14 02:00:00,66.0,10.0,65.0,1399.0,77.0,1.3,1023.9,-4.6,60
2013-03-14 03:00:00,53.0,11.0,60.0,1200.0,77.0,-0.1,1023.8,-4.7,65
2013-03-14 04:00:00,53.0,12.0,57.0,1200.0,77.0,-0.5,1023.9,-3.9,49
2013-03-14 05:00:00,77.0,12.0,67.0,1500.0,77.0,-0.8,1024.3,-4.0,72
2013-03-14 06:00:00,75.0,10.0,64.0,1600.0,77.0,-0.8,1024.3,-4.2,73
2013-03-14 07:00:00,77.0,10.0,55.0,1399.0,77.0,-0.4,1024.6,-4.1,69
2013-03-14 08:00:00,81.0,11.0,54.0,1500.0,77.0,0.5,1024.9,-4.2,72
2013-03-14 09:00:00,95.0,22.0,57.0,1500.0,77.0,2.2,1024.3,-4.1,84
2013-03-14 10:00:00,117.0,57.0,61.0,1600.0,77.0,3.9,1023.4,-3.9,101
2013-03-14 11:00:00,112.0,67.0,66.0,1600.0,77.0,5.5,1022.3,-3.6,111
2013-03-14 12:00:00,125.0,61.0,77.0,1700.0,77.0,7.2,1021.3,-3.7,97
2013-03-14 13:00:00,117.0,65.0,78.0,1399.0,77.0,8.7,1020.0,-3.8,104
2013-03-14 14:00:00,115.0,111.0,60.0,900.0,74.0,9.9,1019.4,-4.5,108
2013-03-14 15:00:00,112.0,116.0,56.0,1000.0,74.0,9.3,1018.7,-4.3,105
2013-03-14 16:00:00,115.0,112.0,60.0,1000.0,64.0,8.6,1018.1,-3.9,105
2013-03-14 17:00:00,126.0,113.0,66.0,1000.0,52.0,7.6,1018.3,-3.6,106
2013-03-14 18:00:00,136.0,99.0,74.0,1100.0,52.0,6.8,1018.4,-2.9,115
2013-03-14 19:00:00,137.0,74.0,78.0,1100.0,52.0,6.2,1018.4,-2.7,119
2013-03-14 20:00:00,118.0,74.0,97.0,1200.0,52.0,5.9,1018.3,-2.0,115
2013-03-14 21:00:00,130.0,61.0,102.0,1399.0,52.0,3.5,1018.4,-1.9,119
2013-03-14 22:00:00,158.0,54.0,100.0,1600.0,52.0,1.4,1018.2,-1.8,140
2013-03-14 23:00:00,179.0,54.0,97.0,1700.0,52.0,1.6,1017.7,-1.8,162
2013-03-15 00:00:00,176.0,46.0,91.0,1700.0,52.0,2.3,1017.8,-2.2,165
2013-03-15 01:00:00,211.0,42.0,80.0,2700.0,52.0,2.4,1017.4,-2.5,180
2013-03-15 02:00:00,218.0,44.0,85.0,2700.0,52.0,2.0,1016.6,-2.9,183
2013-03-15 03:00:00,200.0,42.0,87.0,2500.0,52.0,1.5,1016.3,-2.8,182
2013-03-15 04:00:00,189.0,36.0,82.0,2399.0,52.0,1.0,1016.2,-2.6,173
2013-03-15 05:00:00,177.0,33.0,80.0,2200.0,52.0,0.7,1016.1,-2.5,166
2013-03-15 06:00:00,170.0,37.0,79.0,2100.0,52.0,0.6,1016.0,-2.5,163
2013-03-15 07:00:00,156.0,43.0,75.0,1899.0,52.0,2.4,1016.3,-2.3,137
2013-03-15 08:00:00,174.0,71.0,70.0,2100.0,52.0,4.2,1016.5,-2.2,164
2013-03-15 09:00:00,185.0,117.0,75.0,2200.0,52.0,6.4,1015.9,-2.5,172
2013-03-15 10:00:00,186.0,118.0,75.0,2000.0,4.0,8.1,1015.1,-2.0,173
2013-03-15 11:00:00,3.0,130.0,76.0,1600.0,15.0,9.0,1014.2,-2.0,3
2013-03-15 12:00:00,331.0,125.0,91.0,1700.0,17.0,10.3,1013.2,-2.1,110
2013-03-15 13:00:00,261.0,118.0,96.0,1700.0,52.0,12.0,1011.9,-1.2,227
2013-03-15 14:00:00,279.0,107.0,112.0,1899.0,52.0,12.2,1011.4,-0.7,236
2013-03-15 15:00:00,305.0,102.0,147.0,2299.0,52.0,12.3,1010.9,-0.3,256
2013-03-15 16:00:00,343.0,100.0,150.0,2100.0,43.0,11.5,1010.9,0.3,287
2013-03-15 17:00:00,320.0,91.0,113.0,1700.0,42.0,10.6,1011.6,0.9,278
2013-03-15 18:00:00,319.0,79.0,96.0,1700.0,44.0,9.1,1012.2,1.5,269
2013-03-15 19:00:00,324.0,68.0,104.0,1800.0,44.0,7.0,1012.5,1.3,286
2013-03-15 20:00:00,343.0,64.0,126.0,2000.0,44.0,6.3,1013.8,1.4,304
2013-03-15 21:00:00,348.0,61.0,132.0,2100.0,44.0,7.1,1014.4,0.7,312
2013-03-15 22:00:00,367.0,63.0,126.0,2500.0,44.0,7.3,1015.3,0.9,316
2013-03-15 23:00:00,430.0,77.0,138.0,3200.0,44.0,7.3,1015.5,0.7,353
2013-03-16 00:00:00,411.0,63.0,118.0,3299.0,44.0,6.5,1015.6,0.6,355
2013-03-16 01:00:00,357.0,49.0,111.0,2700.0,44.0,5.9,1015.9,0.2,328
2013-03-16 02:00:00,330.0,49.0,113.0,2399.0,44.0,5.9,1016.5,0.2,308
2013-03-16 03:00:00,332.0,55.0,108.0,2199.5,44.0,5.6,1017.0,0.4,304
2013-03-16 04:00:00,316.0,51.0,108.0,2000.0,44.0,3.9,1018.0,0.6,314
2013-03-16 05:00:00,300.0,47.0,91.0,1800.0,44.0,5.3,1018.7,0.3,276
2013-03-16 06:00:00,293.0,50.0,87.0,1800.0,44.0,4.8,1019.3,0.4,276
2013-03-16 07:00:00,297.0,38.0,84.0,2100.0,44.0,6.0,1020.1,0.5,275
2013-03-16 08:00:00,294.0,44.0,82.0,2200.0,44.0,8.4,1020.7,1.3,278
2013-03-16 09:00:00,289.0,112.0,87.0,2100.0,44.0,10.7,1020.9,0.7,272
2013-03-16 10:00:00,273.0,138.0,90.0,1899.0,44.0,12.6,1020.2,0.0,264
2013-03-16 11:00:00,243.0,109.0,88.0,1800.0,44.0,13.5,1019.9,-0.2,270
2013-03-16 12:00:00,207.0,88.0,84.0,1899.0,54.0,14.0,1018.5,-0.9,227
2013-03-16 13:00:00,189.0,86.0,70.0,1899.0,80.0,14.1,1017.5,-0.4,183
2013-03-16 14:00:00,169.0,76.0,61.0,1700.0,92.0,14.5,1016.6,0.3,166
2013-03-16 15:00:00,167.0,71.0,62.0,1700.0,94.0,13.6,1015.6,1.2,150
2013-03-16 16:00:00,212.0,80.0,78.0,2299.0,94.0,12.9,1015.1,1.5,165
2013-03-16 17:00:00,204.0,85.0,81.0,2700.0,94.0,12.4,1014.8,1.7,185
2013-03-16 18:00:00,217.0,83.0,90.0,2899.0,94.0,12.0,1014.2,2.2,216
2013-03-16 19:00:00,217.0,75.0,101.0,2600.0,94.0,10.8,1014.7,2.6,188
2013-03-16 20:00:00,223.0,61.0,85.0,2200.0,94.0,10.0,1014.6,2.1,197
2013-03-16 21:00:00,242.0,56.0,90.0,2100.0,94.0,9.2,1014.1,1.8,228
2013-03-16 22:00:00,204.0,59.0,108.0,2100.0,94.0,8.3,1013.4,2.1,242
2013-03-16 23:00:00,204.0,58.0,92.0,1800.0,94.0,7.8,1012.6,2.0,210
2013-03-17 00:00:00,192.0,50.0,86.0,1500.0,94.0,7.2,1012.2,2.1,166
2013-03-17 01:00:00,194.0,48.0,90.0,1700.0,94.0,6.5,1011.2,1.8,162
2013-03-17 02:00:00,211.0,45.0,95.0,2100.0,94.0,5.6,1009.8,2.2,176
2013-03-17 03:00:00,219.0,43.0,98.0,2500.0,94.0,6.8,1008.8,2.3,217
2013-03-17 04:00:00,195.0,46.0,86.0,2299.0,94.0,5.9,1007.9,2.2,183
2013-03-17 05:00:00,188.0,50.0,71.0,2000.0,94.0,5.3,1007.5,2.5,180
2013-03-17 06:00:00,223.0,44.0,85.0,2200.0,94.0,4.2,1006.0,1.9,184
2013-03-17 07:00:00,210.0,40.0,83.0,2200.0,94.0,5.6,1005.8,2.1,206
2013-03-17 08:00:00,237.0,39.0,80.0,2700.0,94.0,7.6,1005.3,2.1,206
2013-03-17 09:00:00,259.0,84.0,92.0,2899.0,94.0,9.3,1004.7,2.4,257
2013-03-17 10:00:00,283.0,119.0,104.0,3100.0,94.0,10.6,1003.6,2.7,267
2013-03-17 11:00:00,321.0,124.0,126.0,3399.0,94.0,12.9,1001.9,3.0,293
2013-03-17 12:00:00,326.0,126.0,146.0,3000.0,94.0,14.4,1000.1,2.9,322
2013-03-17 13:00:00,347.0,120.0,142.0,2799.0,94.0,15.1,998.7,3.2,294
2013-03-17 14:00:00,372.0,116.0,124.0,2700.0,94.0,15.9,997.5,3.7,332
2013-03-17 15:00:00,392.0,113.0,116.0,2600.0,102.0,15.5,996.6,3.9,352
2013-03-17 16:00:00,383.0,94.0,106.0,2299.0,105.0,15.3,996.2,4.0,362
2013-03-17 17:00:00,369.0,92.0,98.0,2200.0,107.0,14.1,996.1,4.9,356
2013-03-17 18:00:00,367.0,80.0,105.0,2200.0,107.0,12.0,996.1,4.5,344
2013-03-17 19:00:00,395.0,64.0,136.0,2500.0,58.0,9.3,996.1,4.7,357
2013-03-17 20:00:00,390.0,50.0,166.0,2799.0,107.0,11.5,996.3,4.7,364
2013-03-17 21:00:00,442.0,61.0,167.0,2899.0,107.0,10.9,996.2,3.9,392
2013-03-17 22:00:00,462.0,64.0,174.0,3299.0,107.0,10.0,995.9,4.1,423
2013-03-17 23:00:00,455.0,56.0,157.0,3500.0,107.0,8.7,996.0,3.7,434
2013-03-18 00:00:00,494.0,48.0,156.0,4099.0,107.0,9.0,995.9,2.8,450
2013-03-18 01:00:00,476.0,45.0,154.0,3799.0,107.0,8.8,996.3,-1.1,463
2013-03-18 02:00:00,476.0,57.0,111.0,2100.0,107.0,10.9,996.2,-7.4,308
2013-03-18 03:00:00,122.0,12.0,22.0,300.0,107.0,11.4,996.4,-10.2,36
2013-03-18 04:00:00,153.0,14.0,19.0,400.0,107.0,10.5,997.1,-7.7,30
2013-03-18 05:00:00,112.0,9.0,15.0,300.0,107.0,8.6,999.8,-8.0,20
2013-03-18 06:00:00,185.0,12.0,12.0,300.0,107.0,7.0,1001.4,-9.0,14
2013-03-18 07:00:00,68.0,17.0,15.0,400.0,107.0,6.2,1002.4,-12.4,13
2013-03-18 08:00:00,6.0,7.0,15.0,400.0,107.0,6.5,1003.2,-16.9,3
2013-03-18 09:00:00,7.0,4.0,16.0,400.0,107.0,8.7,1003.5,-13.7,3
2013-03-18 10:00:00,6.0,4.0,11.0,400.0,107.0,9.4,1004.7,-17.7,13
2013-03-18 11:00:00,6.0,6.0,47.0,400.0,107.0,10.5,1004.2,-15.9,6
2013-03-18 12:00:00,6.0,17.0,138.0,600.0,107.0,11.7,1003.6,-15.9,8
2013-03-18 13:00:00,6.0,9.0,10.0,400.0,107.0,11.9,1002.1,-16.7,12
2013-03-18 14:00:00,6.0,10.0,14.0,400.0,107.0,12.0,1000.9,-16.6,12
2013-03-18 15:00:00,6.0,10.0,16.0,400.0,107.0,11.5,1000.4,-12.1,14
2013-03-18 16:00:00,6.0,11.0,16.0,500.0,84.0,10.7,1000.0,-12.7,15
2013-03-18 17:00:00,9.0,10.0,40.0,500.0,65.0,9.7,1000.4,-12.9,3
2013-03-18 18:00:00,71.0,10.0,46.0,500.0,65.0,7.2,1001.3,-2.5,28
2013-03-18 19:00:00,285.0,45.0,62.0,1100.0,38.0,5.4,1002.9,-3.4,78
2013-03-18 20:00:00,133.0,38.0,50.0,800.0,42.0,4.4,1003.7,-3.6,55
2013-03-18 21:00:00,76.0,30.0,39.0,700.0,47.0,3.7,1004.0,-4.0,38
2013-03-18 22:00:00,59.0,23.0,42.0,800.0,41.0,2.9,1004.0,-4.1,37
2013-03-18 23:00:00,59.0,23.0,42.0,800.0,43.0,2.6,1004.9,-4.0,37
2013-03-19 00:00:00,46.0,20.0,38.0,1000.0,34.0,2.5,1005.5,-4.5,31
2013-03-19 01:00:00,46.0,22.0,48.0,800.0,29.0,2.0,1006.0,-4.5,30
2013-03-19 02:00:00,42.0,23.0,52.0,800.0,27.0,1.2,1005.4,-4.5,31
2013-03-19 03:00:00,41.0,15.0,50.0,787.5,21.666666666666668,0.8,1005.8,-3.0,33
2013-03-19 04:00:00,35.0,15.0,49.0,775.0,16.333333333333336,0.1,1005.4,-3.5,31
2013-03-19 05:00:00,31.0,13.0,62.0,762.5,11.0,0.1,1005.4,-3.8,29
2013-03-19 06:00:00,39.0,13.0,62.0,750.0,10.0,0.4,1006.6,-2.8,32
2013-03-19 07:00:00,36.0,10.0,60.0,737.5,6.0,1.6,1007.0,-2.4,30
2013-03-19 08:00:00,56.0,11.0,58.0,725.0,10.0,3.0,1007.4,-2.9,34
2013-03-19 09:00:00,57.0,26.0,51.0,712.5,18.0,2.6,1008.2,-3.5,38
2013-03-19 10:00:00,66.0,30.0,48.0,700.0,24.0,3.0,1008.0,-2.9,51
2013-03-19 11:00:00,63.0,19.0,41.0,700.0,24.0,3.2,1007.9,-0.3,59
2013-03-19 12:00:00,63.0,20.0,35.0,700.0,28.0,3.5,1007.4,-0.2,60
2013-03-19 13:00:00,61.0,28.0,39.0,700.0,29.0,4.0,1007.3,0.0,45
2013-03-19 14:00:00,58.0,21.0,36.0,700.0,29.0,4.8,1007.4,0.0,50
2013-03-19 15:00:00,57.0,22.0,35.0,600.0,34.0,4.4,1008.2,0.2,52
2013-03-19 16:00:00,49.0,19.0,33.0,600.0,36.0,3.5,1009.3,1.7,45
2013-03-19 17:00:00,39.0,14.0,37.0,600.0,29.0,2.8,1009.8,1.8,38
2013-03-19 18:00:00,28.0,10.0,40.0,700.0,25.0,2.3,1011.4,1.6,28
2013-03-19 19:00:00,30.0,10.0,50.0,900.0,14.0,1.7,1013.2,1.0,30
2013-03-19 20:00:00,24.0,9.0,61.0,800.0,6.0,0.9,1013.9,0.5,38
2013-03-19 21:00:00,50.0,9.0,67.0,1200.0,2.0,0.9,1014.9,0.5,39
2013-03-19 22:00:00,81.0,8.0,64.0,1200.0,4.0,0.4,1015.6,0.1,65
2013-03-19 23:00:00,81.0,9.0,64.0,900.0,5.0,-0.1,1016.4,-0.5,65
2013-03-20 00:00:00,78.0,6.0,43.0,800.0,8.0,-0.3,1017.4,-0.6,68
2013-03-20 01:00:00,47.0,5.0,40.0,800.0,10.0,-1.2,1018.1,-1.5,47
2013-03-20 02:00:00,42.0,5.0,39.0,1100.0,9.0,-1.2,1018.5,-1.3,40
2013-03-20 03:00:00,42.0,5.0,39.0,1100.0,9.0,-1.1,1018.7,-1.2,52
2013-03-20 04:00:00,35.0,5.0,40.0,1000.0,10.0,-2.1,1019.0,-2.4,52
2013-03-20 05:00:00,27.0,4.0,32.0,1000.0,20.0,-4.3,1019.4,-4.7,31
2013-03-20 06:00:00,6.0,3.0,22.0,700.0,27.0,-5.7,1019.6,-6.0,23
2013-03-20 07:00:00,6.0,3.0,32.0,1000.0,17.0,-2.3,1020.2,-2.3,27
2013-03-20 08:00:00,51.0,9.0,61.0,1300.0,4.0,-0.1,1020.7,-1.1,39
2013-03-20 09:00:00,23.0,24.0,72.0,1300.0,7.0,1.9,1021.0,-2.1,42
2013-03-20 10:00:00,30.0,29.0,62.0,1200.0,17.0,2.6,1020.4,-4.0,24
2013-03-20 11:00:00,9.0,28.0,41.0,900.0,39.0,3.1,1019.4,-3.3,40
2013-03-20 12:00:00,6.0,19.0,27.0,600.0,57.0,3.8,1018.8,-5.2,27
2013-03-20 13:00:00,68.0,27.0,38.0,1000.0,49.0,4.7,1017.7,-3.6,33
2013-03-20 14:00:00,27.0,20.0,27.0,800.0,68.0,5.4,1016.6,-3.4,51
2013-03-20 15:00:00,32.0,15.0,27.0,700.0,70.0,5.4,1015.5,-4.2,30
2013-03-20 16:00:00,48.0,17.0,28.0,700.0,65.0,5.4,1015.1,-3.2,37
2013-03-20 17:00:00,46.0,21.0,30.0,700.0,64.0,4.4,1014.5,-2.3,41
2013-03-20 18:00:00,63.0,17.0,37.0,700.0,55.0,3.8,1014.2,-2.4,59
2013-03-20 19:00:00,81.0,9.0,53.0,800.0,36.0,3.4,1014.2,-2.4,78
2013-03-20 20:00:00,89.0,8.0,52.0,900.0,35.0,3.1,1013.8,-2.4,69
2013-03-20 21:00:00,89.0,7.0,51.0,1000.0,33.0,2.8,1013.6,-2.5,77
2013-03-20 22:00:00,96.0,7.0,54.0,1000.0,29.0,2.8,1012.7,-2.7,81
2013-03-20 23:00:00,106.0,7.0,50.0,1000.0,32.0,2.2,1011.8,-2.9,106
2013-03-21 00:00:00,108.0,8.0,51.0,1000.0,26.0,1.9,1011.3,-2.6,92
2013-03-21 01:00:00,116.0,7.0,47.0,1100.0,25.0,1.7,1010.6,-2.8,112
2013-03-21 02:00:00,105.0,7.0,44.0,1000.0,23.0,1.0,1009.6,-2.8,97
2013-03-21 03:00:00,106.0,7.0,46.0,800.0,19.0,-0.8,1008.9,-2.7,103
2013-03-21 04:00:00,80.0,6.0,56.0,900.0,9.0,-1.7,1008.5,-3.0,78
2013-03-21 05:00:00,79.0,6.0,54.0,900.0,9.0,-1.7,1008.0,-2.7,73
2013-03-21 06:00:00,83.0,5.0,58.0,900.0,3.0,-0.6,1007.6,-2.2,73
2013-03-21 07:00:00,114.0,6.0,68.0,1399.0,2.0,0.2,1006.9,-2.0,112
2013-03-21 08:00:00,119.0,8.0,70.0,1600.0,2.0,1.4,1005.9,-1.8,116
2013-03-21 09:00:00,129.0,12.0,71.0,1800.0,2.0,2.7,1005.3,-2.2,120
2013-03-21 10:00:00,141.0,23.0,75.0,1700.0,2.0,3.7,1004.5,-1.9,130
2013-03-21 11:00:00,163.0,39.0,82.0,1700.0,6.0,5.0,1003.0,-1.9,142
2013-03-21 12:00:00,172.0,44.0,88.0,1600.0,10.0,6.2,1002.1,-1.5,162
2013-03-21 13:00:00,187.0,44.0,90.0,1600.0,15.0,6.9,1001.3,-1.3,178
2013-03-21 14:00:00,194.0,42.0,101.0,1700.0,18.0,7.5,1000.4,-1.2,181
2013-03-21 15:00:00,202.0,38.0,98.0,1600.0,26.0,7.7,1000.0,-0.8,187
2013-03-21 16:00:00,205.0,40.0,107.0,1600.0,22.0,7.7,999.8,-0.8,188
2013-03-21 17:00:00,211.0,40.0,114.0,1600.0,20.0,6.9,1000.2,-0.1,187
2013-03-21 18:00:00,221.0,34.0,122.0,1600.0,15.0,6.1,1001.4,0.0,190
2013-03-21 19:00:00,240.0,24.0,129.0,1700.0,7.0,5.5,1002.5,0.1,202
2013-03-21 20:00:00,219.0,21.0,115.0,1600.0,14.0,5.2,1003.7,-0.2,202
2013-03-21 21:00:00,218.0,22.0,122.0,1700.0,6.0,4.8,1004.4,0.0,205
2013-03-21 22:00:00,236.0,19.0,128.0,1899.0,2.0,4.7,1005.5,0.1,217
2013-03-21 23:00:00,234.0,18.0,122.0,1899.0,2.0,4.1,1006.8,0.1,228
2013-03-22 00:00:00,209.0,18.0,115.0,1700.0,2.0,3.4,1007.6,-0.1,202
2013-03-22 01:00:00,179.0,18.0,101.0,1600.0,3.0,1.7,1008.7,-0.1,172
2013-03-22 02:00:00,168.0,20.0,95.0,1399.0,2.0,1.1,1009.5,-0.4,160
2013-03-22 03:00:00,170.0,30.0,87.0,1200.0,2.0,2.4,1010.1,-5.3,117
2013-03-22 04:00:00,170.0,24.0,95.0,1200.0,14.0,4.4,1010.7,-11.3,160
2013-03-22 05:00:00,171.0,24.0,51.0,900.0,32.0,4.0,1011.6,-11.6,65
2013-03-22 06:00:00,168.0,12.0,43.0,500.0,36.0,2.7,1012.9,-8.4,18
2013-03-22 07:00:00,33.0,18.0,68.0,700.0,14.0,5.8,1013.9,-7.8,26
2013-03-22 08:00:00,15.0,24.0,66.0,600.0,19.0,7.6,1014.8,-9.3,10
2013-03-22 09:00:00,152.0,28.0,94.0,600.0,38.0,8.6,1014.8,-9.9,146
2013-03-22 10:00:00,147.0,27.0,93.0,600.0,43.0,8.1,1014.4,-4.1,142
2013-03-22 11:00:00,143.0,27.0,91.0,700.0,48.0,8.7,1013.7,-5.6,137
2013-03-22 12:00:00,157.0,51.0,57.0,1200.0,39.0,9.2,1012.5,-3.7,63
2013-03-22 13:00:00,130.0,41.0,48.0,1000.0,48.0,9.8,1011.9,-1.3,56
2013-03-22 14:00:00,176.0,31.0,52.0,1200.0,56.0,10.0,1011.1,-2.0,75
2013-03-22 15:00:00,196.0,31.0,47.0,1100.0,64.0,9.6,1010.6,-2.1,83
2013-03-22 16:00:00,181.0,29.0,44.0,900.0,66.0,9.3,1010.2,-2.0,66
2013-03-22 17:00:00,170.0,30.0,46.0,900.0,66.0,8.9,1010.3,-2.4,78
2013-03-22 18:00:00,157.0,29.0,47.0,900.0,66.0,8.1,1010.7,-3.4,76
2013-03-22 19:00:00,136.0,26.0,54.0,900.0,59.0,7.8,1011.0,-3.7,68
2013-03-22 20:00:00,119.0,24.0,69.0,800.0,42.0,7.1,1011.8,-3.8,66
2013-03-22 21:00:00,118.0,24.0,69.0,800.0,31.0,5.6,1011.7,-3.8,64
2013-03-22 22:00:00,100.0,23.0,68.0,900.0,22.0,4.3,1011.8,-3.5,59
2013-03-22 23:00:00,105.0,16.0,89.0,1200.0,2.0,3.1,1011.1,-3.3,61
2013-03-23 00:00:00,93.0,15.0,85.0,1500.0,2.0,2.7,1010.7,-3.0,64
2013-03-23 01:00:00,81.0,13.0,80.0,1399.0,4.0,2.2,1009.8,-2.7,60
2013-03-23 02:00:00,76.0,13.0,84.0,1300.0,2.0,2.0,1009.1,-2.7,51
2013-03-23 03:00:00,70.0,12.0,85.0,1300.0,2.0,1.5,1008.5,-2.5,51
2013-03-23 04:00:00,71.0,10.0,85.0,1300.0,2.0,0.8,1007.7,-2.3,44
2013-03-23 05:00:00,71.0,10.0,76.0,1300.0,2.0,0.8,1007.5,-2.1,44
2013-03-23 06:00:00,69.0,8.0,70.0,1300.0,2.0,1.0,1007.4,-1.9,51
2013-03-23 07:00:00,71.0,8.0,65.0,1300.0,2.0,1.8,1006.4,-3.1,53
2013-03-23 08:00:00,75.0,12.0,65.0,1300.0,2.0,3.4,1005.3,-4.6,62
2013-03-23 09:00:00,105.0,32.0,69.0,1300.0,2.0,4.5,1005.4,-5.0,78
2013-03-23 10:00:00,104.0,70.0,72.0,1300.0,10.0,4.2,1005.2,-4.5,79
2013-03-23 11:00:00,111.0,83.0,70.0,1300.0,17.0,5.0,1004.8,-4.6,80
2013-03-23 12:00:00,111.0,76.0,66.0,1300.0,22.0,5.1,1004.4,-5.0,81
2013-03-23 13:00:00,110.0,78.0,70.0,1300.0,24.0,7.4,1003.8,-3.8,77
2013-03-23 14:00:00,105.0,74.0,70.0,1300.0,25.0,10.3,1003.4,-3.1,84
2013-03-23 15:00:00,132.0,75.0,72.0,1300.0,27.0,10.6,1004.8,-3.5,89
2013-03-23 16:00:00,165.0,67.0,72.0,1300.0,29.0,11.9,1006.0,-7.5,86
2013-03-23 17:00:00,234.0,33.0,46.0,1300.0,51.0,9.0,1008.2,-8.6,63
2013-03-23 18:00:00,114.0,7.0,12.0,1300.0,75.0,7.1,1010.5,-10.2,18
2013-03-23 19:00:00,56.0,4.0,16.0,1300.0,70.0,6.0,1012.8,-12.6,14
2013-03-23 20:00:00,40.0,4.0,16.0,1300.0,73.0,5.2,1014.4,-12.8,14
2013-03-23 21:00:00,30.0,3.0,13.0,1300.0,78.0,4.6,1015.3,-15.3,11
2013-03-23 22:00:00,16.0,3.0,12.0,1300.0,78.0,3.9,1016.0,-14.9,7
2013-03-23 23:00:00,18.0,3.0,12.0,1300.0,76.0,3.5,1016.7,-14.7,5
2013-03-24 00:00:00,14.0,3.0,11.0,1300.0,75.0,2.7,1017.3,-14.0,6
2013-03-24 01:00:00,31.0,7.0,25.0,1300.0,57.0,2.0,1017.6,-13.4,8
2013-03-24 02:00:00,24.0,6.0,27.0,1300.0,53.0,2.0,1017.7,-14.2,10
2013-03-24 03:00:00,22.0,6.0,31.0,1300.0,46.0,1.6,1017.5,-14.1,11
2013-03-24 04:00:00,25.0,7.0,37.0,1300.0,41.0,1.5,1017.7,-14.6,13
2013-03-24 05:00:00,25.0,7.0,37.0,1300.0,36.0,1.0,1018.4,-13.9,13
2013-03-24 06:00:00,36.0,7.0,52.0,1300.0,26.0,1.1,1018.7,-13.8,18
2013-03-24 07:00:00,15.0,10.0,40.0,1300.0,39.0,2.8,1019.3,-14.4,11
2013-03-24 08:00:00,26.0,10.0,38.0,1300.0,45.0,4.3,1019.5,-15.1,14
2013-03-24 09:00:00,19.0,12.0,24.0,1300.0,56.0,5.6,1019.5,-16.3,14
2013-03-24 10:00:00,10.0,11.0,16.0,1300.0,67.0,5.9,1019.0,-16.0,3
2013-03-24 11:00:00,13.0,11.0,16.0,1300.0,70.0,7.5,1017.8,-15.4,11
2013-03-24 12:00:00,12.0,13.0,15.0,1300.0,71.0,8.8,1016.3,-15.0,10
2013-03-24 13:00:00,8.0,12.0,12.0,1300.0,76.0,9.7,1014.8,-12.2,3
2013-03-24 14:00:00,8.0,10.0,12.0,1300.0,78.0,10.4,1013.6,-15.2,4
2013-03-24 15:00:00,10.0,10.0,12.0,1300.0,81.0,10.6,1012.9,-12.1,3
2013-03-24 16:00:00,16.0,11.0,13.0,1300.0,81.0,9.5,1012.7,-12.4,9
2013-03-24 17:00:00,24.0,10.0,24.0,1300.0,73.0,7.9,1012.6,-11.5,14
2013-03-24 18:00:00,48.0,10.0,41.0,1300.0,61.0,6.9,1013.1,-10.8,23
2013-03-24 19:00:00,74.0,11.0,62.0,1300.0,49.266,6.3,1014.0,-10.0,32
2013-03-24 20:00:00,101.0,19.0,67.0,1300.0,36.6282,5.9,1014.5,-10.0,43
2013-03-24 21:00:00,120.0,32.0,76.0,1300.0,26.775,5.2,1014.7,-9.4,56
2013-03-24 22:00:00,114.0,29.0,86.0,1300.0,18.6354,2.6,1015.2,-8.2,61
2013-03-24 23:00:00,108.0,29.0,78.0,1300.0,23.0,0.9,1015.8,-7.6,55
2013-03-25 00:00:00,108.0,30.0,79.0,1300.0,7.2828,0.3,1016.2,-4.3,56
2013-03-25 01:00:00,121.0,51.0,99.0,1300.0,0.6426,-0.3,1016.4,-6.3,66
2013-03-25 02:00:00,121.0,42.0,105.0,1300.0,1.071,0.5,1017.0,-6.8,73
2013-03-25 03:00:00,140.0,26.0,95.0,1300.0,1.4994,0.3,1017.4,-5.1,79
2013-03-25 04:00:00,136.0,18.0,92.0,1300.0,1.9278,-0.6,1017.7,-4.5,80
2013-03-25 05:00:00,113.0,10.0,87.0,1300.0,2.3562,-1.1,1018.1,-4.8,71
2013-03-25 06:00:00,95.0,8.0,83.0,1300.0,2.7845999999999997,-0.9,1018.1,-4.6,71
2013-03-25 07:00:00,101.0,8.0,83.0,1300.0,3.213,0.8,1018.5,-4.6,77
2013-03-25 08:00:00,166.0,58.0,83.0,1300.0,3.6414,2.7,1018.6,-4.8,108
2013-03-25 09:00:00,166.0,150.0,85.0,1300.0,4.0698,4.3,1018.4,-5.0,120
2013-03-25 10:00:00,160.0,129.0,94.0,1300.0,7.2828,6.5,1017.4,-5.2,121
2013-03-25 11:00:00,136.0,89.0,88.0,1300.0,21.6342,7.8,1016.8,-5.0,110
2013-03-25 12:00:00,124.0,73.0,85.0,1300.0,32.7726,9.2,1015.5,-5.5,111
2013-03-25 13:00:00,142.0,69.0,100.0,1300.0,32.9868,10.0,1014.5,-5.6,119
2013-03-25 14:00:00,168.0,60.0,102.0,1300.0,43.2684,10.6,1013.5,-5.4,124
2013-03-25 15:00:00,165.0,56.0,88.0,1300.0,65.7594,10.8,1013.0,-5.7,133
2013-03-25 16:00:00,147.0,47.0,61.0,1300.0,82.0,10.3,1012.5,-6.1,118
2013-03-25 17:00:00,140.0,47.0,63.0,1100.0,76.0,9.8,1012.5,-6.1,109
2013-03-25 18:00:00,163.0,42.0,63.0,1100.0,78.0,9.2,1012.6,-5.1,113
2013-03-25 19:00:00,174.0,50.0,79.0,1200.0,61.0,8.9,1012.7,-6.5,123
2013-03-25 20:00:00,203.0,61.0,108.0,1399.0,40.0,8.5,1013.1,-6.9,146
2013-03-25 21:00:00,162.0,46.0,98.0,1200.0,38.0,7.9,1012.6,-7.0,117
2013-03-25 22:00:00,151.0,44.0,94.0,1200.0,33.0,5.4,1012.2,-4.5,109
2013-03-25 23:00:00,138.0,46.0,80.0,1100.0,34.0,2.7,1011.9,-3.6,100
2013-03-26 00:00:00,161.0,45.0,102.0,1000.0,16.0,1.7,1011.8,-1.9,101
2013-03-26 01:00:00,166.0,49.0,108.0,1000.0,7.0,1.1,1011.4,-2.3,100
2013-03-26 02:00:00,168.0,50.0,113.0,1200.0,2.0,0.2,1011.1,-3.4,105
2013-03-26 03:00:00,200.0,71.0,108.0,1299.5,2.0,-0.3,1010.5,-2.8,131
2013-03-26 04:00:00,223.0,79.0,109.0,1399.0,2.0,-0.4,1010.5,-2.3,172
2013-03-26 05:00:00,260.0,66.0,95.0,1600.0,2.0,-0.2,1010.5,-2.4,190
2013-03-26 06:00:00,243.0,48.0,85.0,1500.0,2.0,1.1,1011.2,-2.7,190
2013-03-26 07:00:00,219.0,23.0,71.0,1500.0,2.0,3.2,1010.6,-3.8,182
2013-03-26 08:00:00,237.0,50.0,102.0,2500.0,2.0,4.8,1010.3,-2.5,185
2013-03-26 09:00:00,279.0,76.0,118.0,2899.0,2.0,6.6,1010.1,-3.9,194
2013-03-26 10:00:00,292.0,84.0,122.0,2600.0,2.0,8.2,1009.5,-4.0,209
2013-03-26 11:00:00,264.0,76.0,104.0,1800.0,6.0,9.7,1008.6,-0.2,209
2013-03-26 12:00:00,256.0,76.0,95.0,1500.0,17.0,10.7,1007.6,-0.2,220
2013-03-26 13:00:00,256.0,78.0,90.0,1399.0,28.0,11.8,1006.3,0.5,223
2013-03-26 14:00:00,241.0,73.0,85.0,1300.0,39.0,12.3,1005.3,-0.3,214
2013-03-26 15:00:00,240.0,92.0,85.0,1399.0,47.0,12.8,1004.3,0.2,200
2013-03-26 16:00:00,282.0,101.0,93.0,1500.0,43.0,12.9,1003.4,0.3,209
2013-03-26 17:00:00,274.0,112.0,107.0,1600.0,29.0,12.5,1003.6,0.6,199
2013-03-26 18:00:00,277.0,123.0,116.0,1899.0,20.0,11.8,1003.7,1.4,204
2013-03-26 19:00:00,277.0,123.0,116.0,2099.0,10.4958,11.4,1004.1,2.1,204
2013-03-26 20:00:00,302.0,99.0,139.0,2299.0,2.0,10.3,1005.0,0.9,226
2013-03-26 21:00:00,298.0,87.0,137.0,2399.0,2.0,7.7,1004.5,2.4,222
2013-03-26 22:00:00,326.0,66.0,132.0,2399.0,2.0,6.2,1004.2,1.9,229
2013-03-26 23:00:00,291.0,55.0,119.0,1700.0,2.0,7.1,1003.5,3.3,181
2013-03-27 00:00:00,230.0,44.0,86.0,1100.0,2.0,8.0,1002.9,3.8,143
2013-03-27 01:00:00,212.0,34.0,67.0,900.0,8.0,7.3,1002.8,3.9,131
2013-03-27 02:00:00,187.0,35.0,55.0,900.0,11.0,6.1,1002.2,3.6,128
2013-03-27 03:00:00,163.0,33.875,54.0,900.0,6.5,4.3,1001.7,3.0,129
2013-03-27 04:00:00,161.0,32.75,54.0,900.0,2.0,2.9,1001.5,1.9,135
2013-03-27 05:00:00,153.0,31.625,64.0,1000.0,2.0,2.8,1001.4,2.2,135
2013-03-27 06:00:00,147.0,30.5,63.0,1000.0,2.0,4.2,1003.3,1.1,138
2013-03-27 07:00:00,193.0,29.375,66.0,1700.0,2.0,5.3,1004.2,2.1,186
2013-03-27 08:00:00,319.0,28.25,65.0,2399.0,2.0,7.6,1004.6,3.6,221
2013-03-27 09:00:00,216.0,27.125,61.0,1500.0,2.0,10.6,1004.5,3.8,159
2013-03-27 10:00:00,243.0,26.0,55.0,1399.0,7.0,14.5,1003.8,0.0,182
2013-03-27 11:00:00,206.0,53.0,58.0,1300.0,23.0,17.2,1003.3,-2.0,186
2013-03-27 12:00:00,129.0,50.0,49.0,900.0,51.0,18.6,1003.2,-5.5,132
2013-03-27 13:00:00,70.0,30.0,24.0,500.0,76.0,19.5,1002.8,-5.5,45
2013-03-27 14:00:00,70.0,30.0,24.0,300.0,89.0,18.9,1002.9,-6.7,45
2013-03-27 15:00:00,34.0,11.0,12.0,400.0,92.0,18.2,1003.4,-8.1,14
2013-03-27 16:00:00,49.0,8.0,12.0,400.0,93.6054,17.2,1003.9,-10.6,13
2013-03-27 17:00:00,42.0,7.0,13.0,400.0,90.0,14.5,1005.5,-12.7,14
2013-03-27 18:00:00,18.0,4.0,15.0,400.0,85.0,12.7,1007.2,-13.3,12
2013-03-27 19:00:00,26.0,4.0,19.0,400.0,82.0,11.6,1009.0,-15.1,10
2013-03-27 20:00:00,21.0,4.0,25.0,400.0,75.0,10.9,1010.5,-14.8,11
2013-03-27 21:00:00,21.0,4.0,34.0,500.0,66.0,10.4,1012.2,-15.2,12
2013-03-27 22:00:00,20.0,4.0,28.0,400.0,69.0,9.7,1013.0,-15.0,9
2013-03-27 23:00:00,20.0,4.0,28.0,400.0,61.0,8.1,1014.0,-14.2,9
2013-03-28 00:00:00,33.0,6.0,34.0,400.0,60.0,6.8,1014.4,-14.1,16
2013-03-28 01:00:00,34.0,7.0,34.0,400.0,66.0,5.9,1014.7,-11.7,16
2013-03-28 02:00:00,20.0,9.0,28.0,400.0,62.0,5.3,1014.8,-13.7,6
2013-03-28 03:00:00,21.0,7.0,40.0,400.0,51.0,4.5,1014.8,-12.5,12
2013-03-28 04:00:00,22.0,8.0,40.0,400.0,52.0,4.3,1015.7,-13.6,12
2013-03-28 05:00:00,23.0,8.0,32.0,400.0,56.0,4.3,1016.3,-15.1,10
2013-03-28 06:00:00,22.0,17.0,38.0,400.0,48.0,4.6,1016.9,-14.8,13
2013-03-28 07:00:00,18.0,14.0,39.0,400.0,48.0,5.4,1017.3,-15.8,8
2013-03-28 08:00:00,32.0,13.0,53.0,500.0,38.0,6.8,1017.6,-15.9,13
2013-03-28 09:00:00,32.0,13.0,53.0,500.0,52.0,7.4,1017.7,-16.1,13
2013-03-28 10:00:00,30.0,10.0,41.0,500.0,59.0,8.8,1017.6,-11.8,10
2013-03-28 11:00:00,35.0,10.0,43.0,500.0,52.0,9.5,1017.1,-8.6,13
2013-03-28 12:00:00,39.0,10.0,26.0,500.0,67.0,10.7,1016.3,-10.8,10
2013-03-28 13:00:00,50.0,13.0,15.0,500.0,81.0,11.2,1015.0,-8.1,13
2013-03-28 14:00:00,17.0,10.0,10.0,400.0,87.0,12.7,1014.1,-9.1,17
2013-03-28 15:00:00,24.0,9.0,9.0,400.0,88.0,13.8,1013.5,-14.2,9
2013-03-28 16:00:00,6.0,6.0,12.0,400.0,88.0,14.2,1013.5,-13.0,3
2013-03-28 17:00:00,14.0,9.0,15.0,400.0,86.0,12.9,1013.3,-14.0,10
2013-03-28 18:00:00,14.0,9.0,15.0,500.0,82.0,9.5,1014.2,-2.8,10
2013-03-28 19:00:00,146.0,14.0,42.0,700.0,62.0,8.5,1014.9,-1.9,49
2013-03-28 20:00:00,193.0,22.0,70.0,1100.0,40.0,8.2,1015.6,-1.9,95
2013-03-28 21:00:00,176.0,25.0,80.0,1300.0,33.0,6.4,1016.2,-2.2,109
2013-03-28 22:00:00,159.0,26.0,93.0,1500.0,20.0,4.6,1016.1,-1.8,108
2013-03-28 23:00:00,155.0,29.0,94.0,1399.0,12.0,2.8,1016.0,-2.3,105
2013-03-29 00:00:00,127.0,31.0,104.0,1300.0,5.0,2.1,1016.3,-3.8,93
2013-03-29 01:00:00,73.0,23.0,102.0,900.0,2.0,2.6,1016.6,-5.8,66
2013-03-29 02:00:00,168.0,22.0,104.0,1000.0,2.0,2.2,1016.4,-5.7,76
2013-03-29 03:00:00,151.0,24.0,102.0,1100.0,2.0,3.5,1016.3,-4.7,84
2013-03-29 04:00:00,128.0,25.0,96.0,1100.0,2.0,3.2,1016.9,-6.0,84
2013-03-29 05:00:00,128.0,25.0,96.0,1300.0,2.0,2.2,1017.6,-5.9,84
2013-03-29 06:00:00,168.0,25.0,89.0,1399.0,2.0,2.6,1018.0,-5.8,94
2013-03-29 07:00:00,163.0,21.0,84.0,1600.0,2.0,4.2,1018.4,-4.5,90
2013-03-29 08:00:00,158.0,45.0,86.0,2799.0,2.0,6.5,1018.8,-5.8,91
2013-03-29 09:00:00,156.0,102.0,87.0,3299.0,4.0,7.9,1018.3,-7.4,100
2013-03-29 10:00:00,156.0,102.0,88.0,2699.5,12.4236,8.7,1017.6,-7.9,100
2013-03-29 11:00:00,102.0,61.0,76.0,2100.0,30.0,9.6,1016.3,-8.5,73
2013-03-29 12:00:00,99.0,57.0,70.0,1899.0,40.0,9.1,1015.8,-7.2,75
2013-03-29 13:00:00,146.0,58.0,65.0,2000.0,48.0,9.8,1014.9,-6.1,88
2013-03-29 14:00:00,161.0,61.0,82.0,2100.0,39.0,9.6,1014.4,-6.7,113
2013-03-29 15:00:00,152.0,53.0,86.0,1899.0,39.0,9.5,1014.2,-5.2,114
2013-03-29 16:00:00,146.0,49.0,93.0,1700.0,33.0,9.6,1014.1,-5.9,108
2013-03-29 17:00:00,146.0,49.0,94.0,1500.0,27.6318,9.1,1013.9,-6.0,109
2013-03-29 18:00:00,131.0,54.0,93.0,1300.0,30.0,8.3,1014.3,-3.9,91
2013-03-29 19:00:00,141.0,48.0,106.0,1200.0,22.0,7.5,1015.0,-1.5,92
2013-03-29 20:00:00,237.0,41.0,101.0,1399.0,11.0,6.0,1016.1,-3.4,93
2013-03-29 21:00:00,136.0,48.0,81.0,1200.0,16.0,5.3,1016.7,-3.3,70
2013-03-29 22:00:00,110.0,49.0,72.0,900.0,16.0,5.2,1016.7,-2.9,64
2013-03-29 23:00:00,87.0,59.0,67.0,900.0,17.0,4.7,1017.1,-3.3,57
2013-03-30 00:00:00,87.0,59.0,67.0,900.0,16.0,4.3,1017.1,-4.5,57
2013-03-30 01:00:00,84.0,48.0,67.0,1500.0,13.0,3.8,1017.0,-5.7,66
2013-03-30 02:00:00,90.0,54.0,70.0,2000.0,10.0,2.9,1016.8,-3.5,60
2013-03-30 03:00:00,97.0,58.0,71.0,2100.0,8.0,2.9,1016.9,-4.3,67
2013-03-30 04:00:00,99.0,74.0,74.0,2299.0,5.0,2.5,1016.7,-4.3,71
2013-03-30 05:00:00,118.0,90.0,85.0,2700.0,3.0,2.6,1016.7,-6.0,73
2013-03-30 06:00:00,103.0,87.0,84.0,2799.0,9.0,2.5,1017.4,-5.2,66
2013-03-30 07:00:00,128.0,86.0,83.0,2799.0,9.0,4.1,1017.7,-4.9,70
2013-03-30 08:00:00,145.0,94.0,92.0,2799.0,3.0,5.7,1018.4,-6.6,82
2013-03-30 09:00:00,133.0,107.0,85.0,2600.0,14.0,7.3,1018.3,-5.8,77
2013-03-30 10:00:00,129.0,99.0,72.0,2399.0,31.0,8.4,1018.2,-5.5,79
2013-03-30 11:00:00,129.0,99.0,72.0,2200.0,42.0,9.4,1017.6,-5.7,79
2013-03-30 12:00:00,134.0,86.0,62.0,2000.0,53.0,10.3,1016.6,-3.1,92
2013-03-30 13:00:00,108.0,74.0,46.0,1500.0,72.0,10.8,1015.7,-1.6,81
2013-03-30 14:00:00,126.0,72.0,51.0,1600.0,76.0,10.9,1015.0,0.0,94
2013-03-30 15:00:00,126.0,72.0,51.0,1500.0,75.0,10.8,1014.6,-0.7,94
2013-03-30 16:00:00,123.0,49.0,46.0,900.0,72.0,10.0,1014.5,-0.5,95
2013-03-30 17:00:00,110.0,47.0,50.0,800.0,70.0,9.0,1015.1,-0.3,88
2013-03-30 18:00:00,105.0,40.0,56.0,700.0,66.0,7.7,1015.5,0.9,80
2013-03-30 19:00:00,98.0,28.0,56.0,700.0,57.0,6.8,1016.9,1.3,84
2013-03-30 20:00:00,104.0,20.0,68.0,800.0,40.0,6.1,1017.6,1.0,88
2013-03-30 21:00:00,104.0,20.0,68.0,800.0,27.0,5.5,1017.8,1.2,88
2013-03-30 22:00:00,92.0,15.0,76.0,800.0,24.0,5.5,1017.9,1.6,86
2013-03-30 23:00:00,96.0,12.0,85.0,800.0,13.0,5.0,1017.7,1.5,92
2013-03-31 00:00:00,104.0,11.0,87.0,800.0,5.0,4.9,1017.9,1.6,102
2013-03-31 01:00:00,117.0,11.0,85.0,900.0,3.0,4.8,1017.4,1.6,108
2013-03-31 02:00:00,111.0,11.0,87.0,1000.0,2.0,4.8,1016.9,2.0,110
2013-03-31 03:00:00,115.0,10.0,78.0,1399.0,2.0,4.9,1016.4,2.1,96
2013-03-31 04:00:00,110.0,10.0,80.0,1399.0,2.0,4.8,1016.1,2.2,101
2013-03-31 05:00:00,115.0,10.0,80.0,1399.0,2.0,4.5,1016.0,2.2,96
2013-03-31 06:00:00,131.0,10.0,74.0,1300.0,2.0,4.4,1015.9,1.9,120
2013-03-31 07:00:00,146.0,10.0,71.0,1200.0,2.0,4.7,1016.4,2.2,132
2013-03-31 08:00:00,146.0,10.0,71.0,1300.0,2.0,4.9,1016.0,2.4,132
2013-03-31 09:00:00,179.0,11.0,60.0,1399.0,2.0,5.4,1015.5,2.6,151
2013-03-31 10:00:00,179.0,11.0,60.0,1300.0,2.0,5.7,1014.8,2.3,151
2013-03-31 11:00:00,223.0,13.0,53.0,1200.0,2.0,5.8,1014.2,2.6,187
2013-03-31 12:00:00,231.0,14.0,57.0,1300.0,2.0,6.2,1012.9,2.5,205
2013-03-31 13:00:00,222.0,16.0,65.0,1399.0,6.0,5.9,1011.9,2.5,212
2013-03-31 14:00:00,230.0,22.0,73.0,1399.0,6.0,6.0,1010.5,2.8,221
2013-03-31 15:00:00,247.0,18.0,69.0,1300.0,2.0,6.7,1009.7,2.9,225
2013-03-31 16:00:00,250.0,18.0,67.0,1300.0,7.0,6.9,1009.4,3.0,226
2013-03-31 17:00:00,245.0,24.0,75.0,1399.0,8.0,6.3,1009.2,2.9,228
2013-03-31 18:00:00,245.0,24.0,75.0,1399.0,3.0,5.7,1009.6,2.7,228
2013-03-31 19:00:00,251.0,21.0,86.0,1500.0,2.0,5.6,1009.6,2.8,227
2013-03-31 20:00:00,239.0,16.0,81.0,1500.0,2.0,6.1,1009.8,2.7,235
2013-03-31 21:00:00,272.0,17.0,71.0,1600.0,2.0,5.9,1009.9,2.9,235
2013-03-31 22:00:00,280.0,17.0,69.0,1700.0,2.0,6.5,1009.7,2.9,229
2013-03-31 23:00:00,268.0,16.0,70.0,1600.0,2.0,6.3,1009.1,3.1,225
2013-04-01 00:00:00,246.0,16.0,77.0,1600.0,2.0,6.6,1009.5,3.4,226
2013-04-01 01:00:00,253.0,18.0,76.0,1899.0,2.0,6.6,1008.6,3.9,233
2013-04-01 02:00:00,272.0,19.0,72.0,1899.0,2.0,6.4,1008.6,4.1,240
2013-04-01 03:00:00,267.0,20.0,78.0,2299.0,2.0,5.5,1007.9,3.5,242
2013-04-01 04:00:00,267.0,20.0,78.0,2600.0,2.0,4.6,1007.5,3.1,242
2013-04-01 05:00:00,246.0,22.0,80.0,3000.0,2.0,3.4,1007.9,2.5,238
2013-04-01 06:00:00,246.0,22.0,80.0,3200.0,2.0,5.0,1008.5,0.2,238
2013-04-01 07:00:00,232.0,19.0,80.0,3299.0,2.0,11.9,1008.2,-4.3,228
2013-04-01 08:00:00,41.0,41.0,46.0,800.0,34.0,12.7,1009.2,-3.2,68
2013-04-01 09:00:00,93.0,21.0,17.0,400.0,58.0,11.9,1010.0,-2.7,16
2013-04-01 10:00:00,57.0,15.0,12.0,300.0,61.0,12.2,1010.9,-3.6,13
2013-04-01 11:00:00,71.0,21.0,15.0,400.0,57.0,14.7,1010.6,-3.2,20
2013-04-01 12:00:00,66.0,22.0,18.0,600.0,62.0,15.7,1011.1,-4.8,27
2013-04-01 13:00:00,46.0,20.0,14.0,700.0,86.0,16.1,1011.2,-6.9,36
2013-04-01 14:00:00,45.0,19.0,13.0,800.0,100.0,16.7,1011.5,-7.8,34
2013-04-01 15:00:00,77.0,23.0,24.0,800.0,84.0,16.5,1012.3,-7.9,43
2013-04-01 16:00:00,77.0,23.0,24.0,700.0,103.0,15.9,1013.0,-9.2,43
2013-04-01 17:00:00,17.0,14.0,14.0,700.0,103.0,14.6,1013.7,-8.8,15
2013-04-01 18:00:00,17.0,10.0,16.0,700.0,96.0,12.8,1014.5,-10.3,13
2013-04-01 19:00:00,14.0,8.0,18.0,600.0,84.0,11.5,1015.7,-10.1,13
2013-04-01 20:00:00,16.0,5.0,25.0,500.0,69.0,10.4,1017.2,-11.6,10
2013-04-01 21:00:00,17.0,5.0,27.0,400.0,65.0,9.9,1017.6,-16.4,14
2013-04-01 22:00:00,13.0,4.0,17.0,400.0,75.0,6.0,1017.6,-12.1,13
2013-04-01 23:00:00,6.0,4.0,17.0,400.0,72.0,3.4,1018.1,-10.3,13
2013-04-02 00:00:00,6.0,3.0,20.0,400.0,74.0,5.0,1018.0,-12.5,3
2013-04-02 01:00:00,11.0,3.0,25.0,400.0,66.0,1.7,1017.7,-3.8,10
2013-04-02 02:00:00,12.0,6.0,63.0,400.0,29.0,0.5,1017.4,-6.6,9
2013-04-02 03:00:00,12.0,6.0,63.0,500.0,2.0,0.0,1016.9,-7.1,9
2013-04-02 04:00:00,59.0,7.0,99.0,700.0,2.0,1.1,1016.5,-2.3,17
2013-04-02 05:00:00,59.0,11.0,95.0,1399.0,2.0,3.6,1016.6,0.5,55
2013-04-02 06:00:00,249.0,12.0,88.0,1800.0,2.0,2.9,1016.5,0.5,102
2013-04-02 07:00:00,146.0,13.0,82.0,2000.0,2.0,6.3,1016.2,-1.6,118
2013-04-02 08:00:00,147.0,43.0,84.0,2000.0,2.0,8.3,1015.6,-1.0,126
2013-04-02 09:00:00,147.0,43.0,84.0,2200.0,6.0,10.6,1015.2,1.7,126
2013-04-02 10:00:00,177.0,87.0,92.0,2100.0,22.0626,12.4,1014.0,-0.2,162
2013-04-02 11:00:00,167.0,70.0,91.0,2000.0,40.0,14.3,1012.4,-0.2,161
2013-04-02 12:00:00,155.0,60.0,77.0,1800.0,64.0,15.1,1011.0,0.9,145
2013-04-02 13:00:00,145.0,48.0,55.0,1600.0,93.0,16.6,1009.4,-0.2,131
2013-04-02 14:00:00,168.0,43.0,47.0,1399.0,107.0,17.7,1008.0,-0.6,136
2013-04-02 15:00:00,178.0,46.0,42.0,1300.0,126.0,18.2,1006.7,-0.6,132
2013-04-02 16:00:00,211.0,50.0,43.0,1200.0,121.0,17.5,1006.3,-1.2,117
2013-04-02 17:00:00,206.0,65.0,54.0,1399.0,118.0,16.9,1005.8,-0.8,134
2013-04-02 18:00:00,207.0,65.0,55.0,1300.0,110.0,15.9,1005.6,-1.2,135
2013-04-02 19:00:00,170.0,58.0,72.0,1200.0,76.0,15.2,1005.9,-1.0,108
2013-04-02 20:00:00,170.0,59.0,72.0,1100.0,83.0,13.6,1005.7,-1.2,108
2013-04-02 21:00:00,176.0,48.0,73.0,1100.0,64.0,10.6,1005.6,1.1,111
2013-04-02 22:00:00,168.0,56.0,80.0,1100.0,41.0,8.5,1005.5,0.9,111
2013-04-02 23:00:00,227.0,58.0,99.0,1200.0,28.0,8.4,1005.3,0.6,124
2013-04-03 00:00:00,227.0,58.0,99.0,1300.0,2.0,8.4,1004.7,0.1,124
2013-04-03 01:00:00,223.0,48.0,135.0,1700.0,2.0,7.6,1004.4,1.4,142
2013-04-03 02:00:00,223.0,48.0,135.0,1899.0,2.0,6.6,1004.3,0.9,142
2013-04-03 03:00:00,253.0,44.0,139.0,1800.0,2.0,6.5,1004.2,0.6,168
2013-04-03 04:00:00,253.0,44.0,139.0,1600.0,2.0,5.9,1004.3,1.0,168
2013-04-03 05:00:00,214.0,37.0,120.0,1600.0,2.0,5.4,1004.8,0.4,147
2013-04-03 06:00:00,229.0,32.0,114.0,1700.0,2.0,6.4,1005.4,0.3,154
2013-04-03 07:00:00,238.0,42.0,108.0,1600.0,2.0,9.7,1006.1,0.3,153
2013-04-03 08:00:00,205.0,63.0,97.0,1500.0,11.0,12.7,1006.3,-0.2,154
2013-04-03 09:00:00,205.0,62.0,97.0,1500.0,22.0,15.7,1006.7,-0.5,142
2013-04-03 10:00:00,197.0,53.0,74.0,1300.0,58.0,18.0,1006.8,-1.3,129
2013-04-03 11:00:00,197.0,53.0,74.0,1100.0,73.0,19.6,1006.6,2.0,129
2013-04-03 12:00:00,263.0,61.0,80.0,1399.0,89.0,19.6,1006.3,2.0,157
2013-04-03 13:00:00,275.0,65.0,63.0,1800.0,114.0,19.6,1005.9,2.4,173
2013-04-03 14:00:00,351.0,102.0,93.0,3200.0,97.0,17.9,1006.2,1.8,208
2013-04-03 15:00:00,358.0,100.0,70.0,2799.0,115.0,16.9,1006.5,0.9,180
2013-04-03 16:00:00,251.0,67.0,60.0,1600.0,99.0,15.6,1007.0,-0.6,122
2013-04-03 17:00:00,191.0,52.0,48.0,1100.0,95.0,14.0,1007.6,-0.9,89
2013-04-03 18:00:00,191.0,52.0,48.0,800.0,86.0,12.8,1008.3,-2.3,89
2013-04-03 19:00:00,92.0,29.0,55.0,800.0,73.0,11.7,1009.3,-1.1,56
2013-04-03 20:00:00,73.0,23.0,56.0,700.0,58.0,10.0,1009.9,-0.8,42
2013-04-03 21:00:00,62.0,26.0,64.0,600.0,44.0,9.6,1010.4,-1.8,36
2013-04-03 22:00:00,62.0,26.0,64.0,700.0,27.0,8.9,1009.8,-2.1,36
2013-04-03 23:00:00,77.0,31.0,73.0,800.0,27.0,6.9,1010.3,-1.8,40
2013-04-04 00:00:00,77.0,31.0,73.0,1200.0,30.0,7.1,1010.3,1.0,40
2013-04-04 01:00:00,84.0,40.0,71.0,1600.0,35.0,8.7,1009.9,-2.6,40
2013-04-04 02:00:00,80.0,66.0,63.0,1700.0,38.0,8.7,1009.9,-2.6,41
2013-04-04 03:00:00,94.0,82.0,70.0,2000.0,31.0,8.5,1009.7,-2.5,48
2013-04-04 04:00:00,81.0,70.0,57.0,2000.0,40.0,8.0,1009.3,-3.8,46
2013-04-04 05:00:00,81.0,70.0,57.0,2000.0,36.0,8.0,1009.3,-4.2,46
2013-04-04 06:00:00,84.0,60.0,70.0,1899.0,26.0,8.2,1009.3,-3.7,48
2013-04-04 07:00:00,119.0,98.0,78.0,2399.0,20.0,8.5,1009.7,-3.7,63
2013-04-04 08:00:00,144.0,132.0,86.0,3000.0,15.0,9.0,1010.0,-3.6,78
2013-04-04 09:00:00,138.0,126.0,91.0,2899.0,13.0,9.4,1010.3,-3.5,80
2013-04-04 10:00:00,121.0,109.0,85.0,2700.0,23.0,9.5,1009.5,-3.8,69
2013-04-04 11:00:00,130.0,102.0,85.0,2700.0,24.0,10.2,1008.5,-3.9,74
2013-04-04 12:00:00,143.0,97.0,93.0,2600.0,20.0,10.5,1008.2,-4.0,84
2013-04-04 13:00:00,143.0,97.0,93.0,2600.0,24.0,10.7,1007.2,-3.8,84
2013-04-04 14:00:00,165.0,92.0,99.0,2600.0,18.0,8.3,1007.1,1.7,90
2013-04-04 15:00:00,190.0,81.0,94.0,2399.0,21.0,6.8,1007.1,3.9,85
2013-04-04 16:00:00,141.0,32.0,81.0,2000.0,20.0,6.0,1007.4,4.2,75
2013-04-04 17:00:00,102.0,19.0,88.0,2100.0,12.0,5.8,1007.8,4.0,63
2013-04-04 18:00:00,102.0,19.0,88.0,2200.0,2.0,5.7,1008.5,4.2,63
2013-04-04 19:00:00,85.0,14.0,106.0,2399.0,2.0,5.6,1009.3,4.6,83
2013-04-04 20:00:00,90.0,14.0,108.0,2399.0,2.0,5.6,1009.7,4.7,72
2013-04-04 21:00:00,90.0,14.0,108.0,2399.0,2.0,5.7,1010.1,4.8,72
2013-04-04 22:00:00,86.0,13.0,96.0,2399.0,2.0,5.8,1010.1,5.1,76
2013-04-04 23:00:00,88.0,13.0,90.0,2299.0,2.0,5.9,1010.7,5.3,80
2013-04-05 00:00:00,88.0,13.0,90.0,2299.0,2.0,5.9,1010.9,5.5,80
2013-04-05 01:00:00,91.0,13.0,85.0,2200.0,2.0,6.1,1011.4,5.7,84
2013-04-05 02:00:00,89.0,13.0,81.0,2200.0,2.0,6.1,1011.5,5.7,88
2013-04-05 03:00:00,89.0,13.0,81.0,2200.0,2.0,6.3,1010.9,5.9,88
2013-04-05 04:00:00,81.0,14.0,80.0,2000.0,2.0,6.2,1010.8,5.9,109
2013-04-05 05:00:00,80.0,13.0,67.0,1899.0,2.0,6.1,1010.7,5.8,112
2013-04-05 06:00:00,79.0,13.0,67.0,1899.0,2.0,6.3,1010.9,6.0,112
2013-04-05 07:00:00,87.0,13.0,64.0,2000.0,2.0,6.9,1011.4,6.3,116
2013-04-05 08:00:00,83.0,16.0,54.0,1800.0,2.0,8.0,1012.1,6.6,111
2013-04-05 09:00:00,71.0,15.0,51.0,1800.0,8.0,9.7,1012.4,7.1,104
2013-04-05 10:00:00,101.0,15.0,51.0,2000.0,9.0,12.1,1012.5,3.6,104
2013-04-05 11:00:00,100.0,20.0,59.0,1600.0,20.0,13.1,1012.5,-2.4,90
2013-04-05 12:00:00,26.0,28.0,24.0,700.0,48.0,13.0,1012.3,-3.8,26
2013-04-05 13:00:00,26.0,28.0,24.0,400.0,65.0,13.4,1011.7,-4.8,26
2013-04-05 14:00:00,12.0,11.0,10.0,400.0,69.0,12.4,1012.1,-3.4,12
2013-04-05 15:00:00,12.0,11.0,10.0,400.0,70.0,11.0,1012.9,-2.1,12
2013-04-05 16:00:00,16.0,9.0,11.0,300.0,67.0,10.7,1013.3,-3.8,5
2013-04-05 17:00:00,16.0,9.0,11.0,300.0,66.0,10.0,1014.1,-6.0,5
2013-04-05 18:00:00,13.0,7.0,13.0,400.0,72.0,8.8,1015.7,-7.0,13
2013-04-05 19:00:00,6.0,3.0,12.0,300.0,76.0,7.7,1017.3,-8.8,3
2013-04-05 20:00:00,6.0,3.0,10.0,300.0,80.0,7.3,1017.9,-8.7,3
2013-04-05 21:00:00,6.0,3.0,10.0,300.0,80.0,6.5,1017.8,-9.0,3
2013-04-05 22:00:00,6.0,3.0,10.0,300.0,75.0,5.9,1018.1,-8.8,3
2013-04-05 23:00:00,6.0,3.0,11.0,300.0,72.0,5.0,1017.6,-7.8,3
2013-04-06 00:00:00,7.0,3.0,13.0,300.0,69.0,4.9,1016.9,-7.9,3
2013-04-06 01:00:00,6.0,3.0,13.0,300.0,66.0,2.3,1016.4,-3.0,3
2013-04-06 02:00:00,6.0,3.0,13.0,300.0,61.0,3.4,1015.7,-7.4,3
2013-04-06 03:00:00,6.0,3.0,17.0,300.0,56.0,0.6,1015.0,-5.9,3
2013-04-06 04:00:00,6.0,4.0,21.0,400.0,45.0,-0.8,1014.9,-4.7,3
2013-04-06 05:00:00,8.0,4.0,30.0,400.0,47.0,-1.3,1014.9,-4.3,3
2013-04-06 06:00:00,6.0,4.0,26.0,400.0,30.0,0.8,1015.0,-2.1,3
2013-04-06 07:00:00,32.0,4.0,40.0,500.0,30.0,6.3,1014.9,-6.3,12
2013-04-06 08:00:00,19.0,10.0,45.0,500.0,42.0,8.5,1014.7,-8.6,18
2013-04-06 09:00:00,14.0,15.0,35.0,600.0,47.0,9.8,1014.3,-7.0,6
2013-04-06 10:00:00,21.0,14.0,31.0,600.0,52.0,10.8,1013.4,-10.1,18
2013-04-06 11:00:00,22.0,12.0,32.0,400.0,73.0,11.3,1012.1,-7.1,16
2013-04-06 12:00:00,7.0,8.0,15.0,500.0,75.0,12.6,1010.6,-5.0,14
2013-04-06 13:00:00,7.0,10.0,14.0,500.0,76.0,14.4,1009.4,-9.7,3
2013-04-06 14:00:00,9.0,10.0,15.0,400.0,81.0,14.9,1008.4,-10.7,3
2013-04-06 15:00:00,13.0,10.0,14.0,400.0,85.0,15.1,1006.9,-10.6,16
2013-04-06 16:00:00,12.0,8.0,11.0,400.0,89.0,15.2,1006.1,-9.7,4
2013-04-06 17:00:00,6.0,4.0,9.0,400.0,88.0,14.7,1005.6,-2.3,3
2013-04-06 18:00:00,12.0,6.0,11.0,400.0,86.0,12.4,1005.7,-8.2,3
2013-04-06 19:00:00,14.0,8.0,14.0,600.0,47.0,11.7,1005.8,-7.7,3
2013-04-06 20:00:00,68.0,8.0,54.0,700.0,25.0,10.6,1006.2,-6.7,22
2013-04-06 21:00:00,84.0,9.0,67.0,600.0,43.0,9.8,1006.0,-7.0,35
2013-04-06 22:00:00,84.0,9.0,67.0,500.0,58.0,9.2,1005.7,-6.7,35
2013-04-06 23:00:00,85.0,16.0,42.0,600.0,40.0,8.2,1005.5,-6.0,32
2013-04-07 00:00:00,91.0,17.0,57.0,600.0,30.0,6.6,1005.2,-2.8,40
2013-04-07 01:00:00,115.0,22.0,65.0,600.0,29.0,4.0,1004.4,-2.4,46
2013-04-07 02:00:00,110.0,33.0,63.0,700.0,23.0,2.9,1004.1,-1.8,51
2013-04-07 03:00:00,106.0,25.0,84.0,700.0,3.0,2.0,1004.0,-0.6,64
2013-04-07 04:00:00,149.0,25.0,84.0,700.0,2.0,2.7,1004.3,-2.2,64
2013-04-07 05:00:00,114.0,23.0,83.0,1800.0,2.0,3.0,1004.9,-1.7,66
2013-04-07 06:00:00,151.0,18.0,85.0,3100.0,2.0,3.1,1005.1,-1.7,72
2013-04-07 07:00:00,142.0,8.0,82.0,2100.0,4.0,4.8,1005.4,-1.9,91
2013-04-07 08:00:00,81.0,9.0,69.0,1899.0,14.0,6.3,1005.2,-1.1,66
2013-04-07 09:00:00,82.0,29.0,67.0,1600.0,22.0,7.5,1004.6,-1.7,63
2013-04-07 10:00:00,84.0,50.0,61.0,1500.0,26.0,9.3,1003.8,-1.2,62
2013-04-07 11:00:00,93.0,53.0,65.0,1300.0,36.0,10.9,1002.7,-0.9,71
2013-04-07 12:00:00,115.0,50.0,62.0,1200.0,43.0,12.7,1001.3,0.1,86
2013-04-07 13:00:00,119.0,48.0,64.0,1100.0,51.0,13.6,999.7,0.2,94
2013-04-07 14:00:00,92.0,58.0,70.0,1200.0,58.0,15.1,998.5,-3.3,75
2013-04-07 15:00:00,135.0,74.0,70.0,1300.0,64.0,15.3,997.9,-2.7,116
2013-04-07 16:00:00,157.0,77.0,68.0,1399.0,78.0,14.9,996.9,-2.5,125
2013-04-07 17:00:00,182.0,71.0,73.0,1200.0,66.0,13.3,997.7,1.9,125
2013-04-07 18:00:00,158.0,44.0,82.0,1000.0,41.0,12.2,1000.0,0.6,84
2013-04-07 19:00:00,136.0,50.0,78.0,1000.0,46.0,12.0,1001.2,0.4,86
2013-04-07 20:00:00,133.0,58.0,86.0,1100.0,35.0,11.8,1002.8,1.1,99
2013-04-07 21:00:00,131.0,68.0,77.0,1300.0,35.0,10.5,1003.1,3.3,90
2013-04-07 22:00:00,184.0,45.0,65.0,1000.0,38.0,9.5,1002.5,3.2,83
2013-04-07 23:00:00,184.0,45.0,65.0,700.0,37.0,8.3,1002.2,3.1,83
2013-04-08 00:00:00,42.0,23.0,47.0,700.0,30.0,6.3,1002.2,3.6,63
2013-04-08 01:00:00,43.0,21.0,54.0,700.0,15.0,5.2,1003.0,3.7,42
2013-04-08 02:00:00,105.0,18.0,69.0,700.0,2.0,9.5,1004.2,-11.2,44
2013-04-08 03:00:00,106.0,16.0,76.0,500.0,35.0,8.8,1003.6,-13.6,44
2013-04-08 04:00:00,177.0,14.0,52.0,400.0,72.0,7.5,1004.6,-15.4,31
2013-04-08 05:00:00,177.0,7.0,13.0,400.0,72.0,7.3,1005.5,-16.9,39
2013-04-08 06:00:00,137.0,8.0,15.0,400.0,74.0,7.1,1006.5,-17.1,35
2013-04-08 07:00:00,91.0,6.0,14.0,500.0,73.0,7.9,1007.3,-13.1,31
2013-04-08 08:00:00,132.0,8.0,16.0,500.0,72.0,8.8,1007.4,-11.2,24
2013-04-08 09:00:00,132.0,7.0,15.0,400.0,74.0,10.1,1007.6,-9.6,24
2013-04-08 10:00:00,101.0,5.0,13.0,400.0,77.0,10.3,1007.5,-12.4,15
2013-04-08 11:00:00,80.0,4.0,10.0,400.0,78.0,11.4,1006.8,-12.1,16
2013-04-08 12:00:00,69.0,4.0,9.0,400.0,81.0,11.7,1006.8,-11.2,13
2013-04-08 13:00:00,69.0,4.0,9.0,400.0,82.0,12.3,1006.9,-10.1,13
2013-04-08 14:00:00,110.0,4.0,8.0,400.0,83.0,12.2,1006.8,-10.8,16
2013-04-08 15:00:00,149.0,3.0,6.0,400.0,81.0,10.1,1007.5,-10.1,15
2013-04-08 16:00:00,274.0,5.0,9.0,400.0,80.0,10.8,1007.9,-11.3,32
2013-04-08 17:00:00,231.0,4.0,9.0,400.0,75.0,9.8,1008.4,-12.8,32
2013-04-08 18:00:00,230.0,5.0,12.0,400.0,77.0,9.2,1009.3,-12.6,19
2013-04-08 19:00:00,139.0,3.0,12.0,400.0,78.0,8.7,1010.3,-12.5,14
2013-04-08 20:00:00,113.0,3.0,12.0,400.0,78.0,8.4,1010.9,-11.6,13
2013-04-08 21:00:00,105.0,3.0,12.0,400.0,77.0,8.1,1010.9,-11.8,15
2013-04-08 22:00:00,89.0,4.0,11.0,400.0,77.0,7.7,1010.6,-11.1,18
2013-04-08 23:00:00,71.0,4.0,10.0,400.0,78.0,7.3,1010.2,-10.5,12
2013-04-09 00:00:00,72.0,4.0,8.0,400.0,76.0,6.6,1010.4,-9.4,9
2013-04-09 01:00:00,55.0,7.0,9.0,400.0,75.0,6.2,1010.5,-8.2,12
2013-04-09 02:00:00,43.0,7.0,11.0,400.0,74.0,6.0,1010.8,-9.5,10
2013-04-09 03:00:00,40.0,8.0,12.0,400.0,69.0,6.2,1011.4,-9.7,8
2013-04-09 04:00:00,21.0,8.0,18.0,400.0,68.0,6.0,1012.3,-10.3,11
2013-04-09 05:00:00,22.0,8.0,20.0,400.0,72.0,5.1,1013.3,-9.9,12
2013-04-09 06:00:00,18.0,7.0,16.0,400.0,71.0,6.1,1013.7,-10.2,9
2013-04-09 07:00:00,18.0,8.0,18.0,400.0,69.0,7.0,1013.9,-9.0,10
2013-04-09 08:00:00,20.0,7.0,22.0,400.0,75.0,7.5,1015.1,-9.9,12
2013-04-09 09:00:00,25.0,6.0,16.0,400.0,77.0,8.5,1015.7,-9.5,12
2013-04-09 10:00:00,34.0,7.0,13.0,400.0,80.0,9.5,1015.9,-8.6,11
2013-04-09 11:00:00,24.0,5.0,10.0,400.0,82.0,11.0,1015.4,-7.3,12
2013-04-09 12:00:00,24.0,5.0,10.0,400.0,85.0,11.4,1015.1,-9.6,12
2013-04-09 13:00:00,21.0,5.0,9.0,400.0,89.0,11.5,1015.1,-9.0,13
2013-04-09 14:00:00,27.0,5.0,10.0,400.0,88.0,11.3,1015.0,-8.1,12
2013-04-09 15:00:00,25.0,5.0,10.0,400.0,87.0,11.3,1014.4,-8.6,17
2013-04-09 16:00:00,25.0,5.0,11.0,400.0,83.0,10.3,1015.3,-7.0,4
2013-04-09 17:00:00,27.0,4.0,11.0,400.0,82.0,9.2,1015.5,-7.1,14
2013-04-09 18:00:00,33.0,5.0,12.0,400.0,80.0,8.2,1015.6,-7.5,13
2013-04-09 19:00:00,33.0,5.0,12.0,500.0,75.0,8.2,1016.8,-10.2,13
2013-04-09 20:00:00,18.0,5.0,19.0,500.0,74.0,7.3,1017.3,-10.5,12
2013-04-09 21:00:00,26.0,4.0,25.0,400.0,74.0,6.7,1017.3,-10.6,18
2013-04-09 22:00:00,25.0,3.0,21.0,400.0,70.0,6.4,1017.5,-10.0,15
2013-04-09 23:00:00,18.0,4.0,23.0,400.0,60.0,5.7,1017.2,-9.4,12
2013-04-10 00:00:00,23.0,4.0,33.0,400.0,60.0,4.6,1016.9,-9.2,13
2013-04-10 01:00:00,26.0,4.0,32.0,400.0,44.5536,3.2,1016.6,-6.0,13
2013-04-10 02:00:00,26.0,6.0,46.0,400.0,41.5548,5.1,1016.4,-8.4,13
2013-04-10 03:00:00,22.0,7.0,48.0,500.0,40.698,4.5,1016.1,-8.3,13
2013-04-10 04:00:00,31.0,10.0,50.0,500.0,50.1228,5.1,1015.8,-8.4,12
2013-04-10 05:00:00,27.0,10.0,34.0,400.0,52.0506,4.9,1015.8,-8.3,10
2013-04-10 06:00:00,21.0,9.0,31.0,500.0,56.5488,5.3,1016.0,-7.9,10
2013-04-10 07:00:00,21.0,10.0,25.0,500.0,56.763,7.3,1016.1,-8.7,10
2013-04-10 08:00:00,24.0,10.0,26.0,500.0,56.9772,8.5,1015.9,-9.5,12
2013-04-10 09:00:00,22.0,10.0,20.0,500.0,66.6162,9.4,1015.6,-9.2,11
2013-04-10 10:00:00,22.0,10.0,20.0,500.0,75.6126,11.0,1015.1,-9.9,10
2013-04-10 11:00:00,18.0,8.0,13.0,500.0,78.183,11.3,1014.0,-10.3,14
2013-04-10 12:00:00,11.0,6.0,12.0,500.0,78.6114,11.6,1013.3,-7.8,5
2013-04-10 13:00:00,30.0,5.0,10.0,400.0,81.1818,12.0,1012.7,-8.5,16
2013-04-10 14:00:00,29.0,5.0,10.0,400.0,82.0386,12.5,1011.1,-9.3,15
2013-04-10 15:00:00,60.0,4.0,8.0,400.0,80.1108,12.0,1010.9,-9.7,10
2013-04-10 16:00:00,6.0,4.0,13.0,400.0,78.6114,12.8,1010.8,-12.5,3
2013-04-10 17:00:00,20.0,4.0,13.0,400.0,77.9688,11.4,1011.0,-9.6,7
2013-04-10 18:00:00,25.0,4.0,19.0,500.0,71.757,10.3,1011.7,-10.0,11
2013-04-10 19:00:00,24.0,3.0,29.0,500.0,63.189,8.7,1012.1,-11.3,11
2013-04-10 20:00:00,45.0,5.0,37.0,600.0,53.1216,6.3,1012.9,-4.5,18
2013-04-10 21:00:00,78.0,7.0,75.0,700.0,17.9928,4.0,1013.1,-4.2,24
2013-04-10 22:00:00,54.0,6.0,87.0,700.0,9.4248,2.7,1013.4,-3.2,22
2013-04-10 23:00:00,55.0,7.0,88.0,900.0,2.0,2.1,1013.5,-5.1,23
2013-04-11 00:00:00,108.0,8.0,98.0,1200.0,2.0,2.3,1013.4,-5.8,36
2013-04-11 01:00:00,87.0,11.0,103.0,1000.0,2.0,3.8,1013.6,-4.7,34
2013-04-11 02:00:00,147.0,11.0,103.0,900.0,2.0,2.9,1013.6,-4.3,36
2013-04-11 03:00:00,72.0,14.0,101.0,600.0,2.0,3.2,1013.8,-7.3,25
2013-04-11 04:00:00,56.0,11.0,97.0,700.0,2.0,3.2,1013.7,-5.0,17
2013-04-11 05:00:00,77.0,14.0,95.0,800.0,2.0,2.5,1014.0,-5.9,25
2013-04-11 06:00:00,69.0,19.0,93.0,900.0,2.0,4.6,1014.8,-9.2,25
2013-04-11 07:00:00,61.0,22.0,91.0,1100.0,2.0,8.9,1015.0,-8.7,24
2013-04-11 08:00:00,31.0,25.0,88.0,900.0,24.2046,10.5,1015.1,-11.0,35
2013-04-11 09:00:00,31.0,21.0,66.0,700.0,56.9772,11.6,1015.3,-11.3,21
2013-04-11 10:00:00,25.0,16.0,31.0,600.0,67.473,12.8,1014.8,-11.0,14
2013-04-11 11:00:00,26.0,9.0,17.0,500.0,74.7558,14.0,1013.7,-10.7,13
2013-04-11 12:00:00,27.0,9.0,17.0,450.0,78.8256,15.3,1012.4,-6.9,16
2013-04-11 13:00:00,27.0,6.0,11.0,400.0,88.893,16.4,1011.8,-8.8,19
2013-04-11 14:00:00,14.0,4.0,11.0,400.0,91.4634,17.0,1011.0,-9.9,4
2013-04-11 15:00:00,17.0,2.2848,8.6226,400.0,91.6776,17.5,1010.2,-8.6,16
